month,source_kind,release_date,forecast_date,available,status,evaluation_label
2024-07,signals,,2024-07-01,True,historical_backfill_release_date_unknown,non_realtime_backtest
2024-08,signals,,2024-08-01,True,historical_backfill_release_date_unknown,non_realtime_backtest
2024-09,signals,,2024-09-01,True,historical_backfill_release_date_unknown,non_realtime_backtest
2024-10,signals,,2024-10-01,True,historical_backfill_release_date_unknown,non_realtime_backtest
2024-11,signals,,2024-11-01,True,historical_backfill_release_date_unknown,non_realtime_backtest
2024-12,signals,,2024-12-01,True,historical_backfill_release_date_unknown,non_realtime_backtest
2025-01,signals,,2025-01-01,True,historical_backfill_release_date_unknown,non_realtime_backtest
2025-02,signals,,2025-02-01,True,historical_backfill_release_date_unknown,non_realtime_backtest
2025-03,signals,,2025-03-01,True,historical_backfill_release_date_unknown,non_realtime_backtest
2025-04,signals,,2025-04-01,True,historical_backfill_release_date_unknown,non_realtime_backtest
2025-05,signals,,2025-05-01,True,historical_backfill_release_date_unknown,non_realtime_backtest
2025-06,signals,,2025-06-01,True,historical_backfill_release_date_unknown,non_realtime_backtest
2025-11,signals,,2025-11-01,True,historical_backfill_release_date_unknown,non_realtime_backtest
2025-12,signals,,2025-12-01,True,historical_backfill_release_date_unknown,non_realtime_backtest
2026-01,signals,,2026-01-01,True,historical_backfill_release_date_unknown,non_realtime_backtest
2026-02,signals,,2026-02-01,True,historical_backfill_release_date_unknown,non_realtime_backtest
2026-03,signals,,2026-03-01,True,historical_backfill_release_date_unknown,non_realtime_backtest
2026-04,signals,,2026-04-01,True,historical_backfill_release_date_unknown,non_realtime_backtest
2026-05,signals,,2026-05-01,True,historical_backfill_release_date_unknown,non_realtime_backtest
