model,test_month,group_month_n,mae_pp,rmse_pp
cps_acs_lightgbm_common_window,2023-03,22,2.8615097632295576,3.384729516233771
cps_acs_lightgbm_common_window,2023-04,22,1.3662271830700605,1.6404224384361494
cps_acs_lightgbm_common_window,2023-05,22,0.69922250121121,0.9756728274167245
cps_acs_lightgbm_common_window,2023-06,22,0.586633746326636,0.7585895500113137
cps_acs_lightgbm_common_window,2023-07,22,1.356971369507461,1.596331973125984
cps_acs_lightgbm_common_window,2023-08,22,1.3642311297467167,1.5641391856891171
cps_acs_lightgbm_common_window,2023-09,22,0.9402823772314459,1.1703819886287825
cps_acs_lightgbm_common_window,2023-10,22,0.7321555763372842,0.9645376115745123
cps_acs_lightgbm_common_window,2023-11,22,0.7770850559101136,1.0701329090523772
cps_acs_lightgbm_common_window,2023-12,22,0.6224985096705188,0.7867295878755797
cps_acs_lightgbm_common_window,2024-01,22,1.1588671184015407,1.3446699002591345
cps_acs_lightgbm_common_window,2024-02,22,1.4595163989943847,1.8536041633712461
cps_acs_lightgbm_common_window,2024-03,22,1.663393341729307,1.9885041132863535
cps_acs_lightgbm_common_window,2024-04,22,0.8140949595076513,0.9820752639398243
cps_acs_lightgbm_common_window,2024-05,22,0.8089072899661716,1.0408442393350248
cps_acs_lightgbm_common_window,2024-06,22,0.6149902004601152,1.1283632498175384
cps_acs_lightgbm_common_window,2024-07,22,0.7577760372133973,0.8653870838815974
cps_acs_lightgbm_common_window,2024-08,22,0.7510968530852016,0.8536319189559521
cps_acs_lightgbm_common_window,2024-09,22,0.8353053018891677,0.9436635409461841
cps_acs_lightgbm_common_window,2024-10,22,0.9188866155740548,1.416819237997065
cps_acs_lightgbm_common_window,2024-11,22,0.713617950809584,1.2547022963189716
cps_acs_lightgbm_common_window,2024-12,22,0.5179615342366944,0.7826705350321627
cps_acs_lightgbm_common_window,2025-01,22,0.7805266142796431,1.102246480022081
cps_acs_lightgbm_common_window,2025-02,22,1.035605803542341,1.3432611620769204
cps_acs_lightgbm_common_window,2025-03,22,1.1452343077332385,1.370458605101772
cps_acs_lightgbm_common_window,2025-04,22,0.600956621502049,0.8421925977436844
cps_acs_lightgbm_common_window,2025-05,22,0.6179800094442918,0.9333629276679801
cps_acs_lightgbm_common_window,2025-06,22,0.5362662704848813,0.6682307438864302
cps_acs_lightgbm_common_window,2025-11,22,0.5187870743828769,0.6939667804474866
cps_acs_lightgbm_common_window,2025-12,22,0.786668164358071,1.2702144647085418
cps_acs_lightgbm_common_window,2026-01,22,0.7986780886776241,1.1341308217979302
cps_acs_lightgbm_common_window,2026-02,22,0.965620649701579,1.1707707716910536
cps_acs_lightgbm_common_window,2026-03,22,1.2901716470739955,1.6891573551876038
cps_acs_lightgbm_common_window,2026-04,22,0.5655621029040115,0.7976118923743306
cps_acs_lightgbm_common_window,2026-05,22,0.6327318985559605,0.8794040950641844
cps_acs_ridge_common_window,2023-03,22,2.213439671453837,2.42916509870306
cps_acs_ridge_common_window,2023-04,22,1.5019297616360205,1.711071767173921
cps_acs_ridge_common_window,2023-05,22,1.1056061876109309,1.3424665121692059
cps_acs_ridge_common_window,2023-06,22,0.649130183029722,0.84008466510987
cps_acs_ridge_common_window,2023-07,22,0.8921126575258319,1.2357406001565976
cps_acs_ridge_common_window,2023-08,22,0.5979960692969556,0.9403899052148086
cps_acs_ridge_common_window,2023-09,22,0.6640490540956469,1.0072598068270753
cps_acs_ridge_common_window,2023-10,22,0.5621621049369717,0.8159613659914925
cps_acs_ridge_common_window,2023-11,22,0.8153502808434329,1.1861274511944326
cps_acs_ridge_common_window,2023-12,22,0.809401783183164,0.9884133915023099
cps_acs_ridge_common_window,2024-01,22,1.4971999599489765,1.701439573107472
cps_acs_ridge_common_window,2024-02,22,1.5883222955286103,1.7953000508446564
cps_acs_ridge_common_window,2024-03,22,1.397692866241616,1.6135176368605402
cps_acs_ridge_common_window,2024-04,22,0.7898131399776176,0.9602665382189136
cps_acs_ridge_common_window,2024-05,22,0.6306725980658611,0.8924644422727418
cps_acs_ridge_common_window,2024-06,22,0.6981393070665267,1.1442496174848193
cps_acs_ridge_common_window,2024-07,22,0.5584544703006654,0.681155133636357
cps_acs_ridge_common_window,2024-08,22,0.6275401484366087,0.9298587948055701
cps_acs_ridge_common_window,2024-09,22,0.4103912975108139,0.5018449791679822
cps_acs_ridge_common_window,2024-10,22,0.7381799857277896,1.1808585141877506
cps_acs_ridge_common_window,2024-11,22,0.7999847811739407,1.311355365847101
cps_acs_ridge_common_window,2024-12,22,0.5296969595594617,0.7430872032584296
cps_acs_ridge_common_window,2025-01,22,0.9551829439955611,1.0987431211485559
cps_acs_ridge_common_window,2025-02,22,1.3640896042350867,1.5974391534044263
cps_acs_ridge_common_window,2025-03,22,1.2029570861054124,1.5856999640404452
cps_acs_ridge_common_window,2025-04,22,0.7983475964435086,1.1523569462526317
cps_acs_ridge_common_window,2025-05,22,0.7272701876846807,1.0157981241467213
cps_acs_ridge_common_window,2025-06,22,0.41531148165128096,0.6310291443300422
cps_acs_ridge_common_window,2025-11,22,0.45453790022546325,0.5756733964313745
cps_acs_ridge_common_window,2025-12,22,0.7764026639502877,1.1214838090693608
cps_acs_ridge_common_window,2026-01,22,1.056790274055289,1.2906959563216167
cps_acs_ridge_common_window,2026-02,22,1.2522783745965915,1.4223345513010757
cps_acs_ridge_common_window,2026-03,22,1.1123352646693427,1.4544276787762997
cps_acs_ridge_common_window,2026-04,22,0.7672775886580463,1.0480668012157532
cps_acs_ridge_common_window,2026-05,22,0.6920238896462404,0.9142104305346664
cps_lightgbm_common_window,2023-03,22,2.643665658570109,3.029840517654549
cps_lightgbm_common_window,2023-04,22,0.869141178556972,1.0985207947849764
cps_lightgbm_common_window,2023-05,22,0.5341553293325247,0.8208126103261408
cps_lightgbm_common_window,2023-06,22,0.5875275923096976,0.678224927484304
cps_lightgbm_common_window,2023-07,22,0.8543891096024325,1.2635199720883536
cps_lightgbm_common_window,2023-08,22,0.9446248095617825,1.2091988454511726
cps_lightgbm_common_window,2023-09,22,0.8236199278048758,1.1257163944656772
cps_lightgbm_common_window,2023-10,22,0.695921303097535,0.9933523809534631
cps_lightgbm_common_window,2023-11,22,0.7825578948261782,1.0326093154663993
cps_lightgbm_common_window,2023-12,22,0.48789087216792554,0.6570504391193397
cps_lightgbm_common_window,2024-01,22,1.051020331541921,1.2786270200123986
cps_lightgbm_common_window,2024-02,22,1.4491751204143843,1.619688954123423
cps_lightgbm_common_window,2024-03,22,1.3273550070026257,1.486789558576634
cps_lightgbm_common_window,2024-04,22,0.8475147197664135,0.9636223103995387
cps_lightgbm_common_window,2024-05,22,0.716782285028401,0.9767535437489996
cps_lightgbm_common_window,2024-06,22,0.6442424586998062,1.2226054031685372
cps_lightgbm_common_window,2024-07,22,0.6653576814272782,0.8128771610289346
cps_lightgbm_common_window,2024-08,22,0.8505282441688995,0.9832608283655565
cps_lightgbm_common_window,2024-09,22,0.7307836564982605,0.8888217354866044
cps_lightgbm_common_window,2024-10,22,1.069650287611527,1.5822905472292539
cps_lightgbm_common_window,2024-11,22,0.8047098262879957,1.3460196250602277
cps_lightgbm_common_window,2024-12,22,0.5216955613082681,0.8606126448490131
cps_lightgbm_common_window,2025-01,22,0.8557190689012552,1.1902865172117605
cps_lightgbm_common_window,2025-02,22,1.344638651801896,1.6874860561329008
cps_lightgbm_common_window,2025-03,22,1.0423646029592757,1.3039091683660538
cps_lightgbm_common_window,2025-04,22,0.7135046234346426,1.0155740716849346
cps_lightgbm_common_window,2025-05,22,0.7688057609980284,1.0427301093884602
cps_lightgbm_common_window,2025-06,22,0.547539132837203,0.6715802294984818
cps_lightgbm_common_window,2025-11,22,0.5514740227281475,0.7221138110178187
cps_lightgbm_common_window,2025-12,22,0.856619996510767,1.3354826212276643
cps_lightgbm_common_window,2026-01,22,0.8591245434497025,1.1229232436627896
cps_lightgbm_common_window,2026-02,22,1.0428040858341558,1.2316300446350479
cps_lightgbm_common_window,2026-03,22,1.1117981263788426,1.2893022548607718
cps_lightgbm_common_window,2026-04,22,0.583936022004566,0.8212312521209971
cps_lightgbm_common_window,2026-05,22,0.7299348486635676,0.9158568837967664
cps_lightgbm_long,2019-04,22,0.6878984793239239,0.9839658195259238
cps_lightgbm_long,2019-05,22,0.7095827469731684,1.0995611973077937
cps_lightgbm_long,2019-06,22,0.6087583622441902,1.012628871976331
cps_lightgbm_long,2019-07,22,0.7275243702491658,0.9903152747889976
cps_lightgbm_long,2019-08,22,0.6738455696527792,0.8661096559141599
cps_lightgbm_long,2019-09,22,0.4664213595250105,0.6874529925475553
cps_lightgbm_long,2019-10,22,0.4654495256638004,0.8375087270913932
cps_lightgbm_long,2019-11,22,0.745753946273603,1.0278072534672456
cps_lightgbm_long,2019-12,22,0.7262742003570336,1.0604432613167967
cps_lightgbm_long,2020-01,22,3.8337242731714225,5.106239227427912
cps_lightgbm_long,2020-02,22,6.822711729324862,9.123166889023071
cps_lightgbm_long,2020-03,22,8.697729103065297,11.43715305928642
cps_lightgbm_long,2020-04,22,5.585745288850439,8.44791502942326
cps_lightgbm_long,2020-05,22,4.209318896607128,6.293699070225603
cps_lightgbm_long,2020-06,22,3.3358285281251407,4.976188634912783
cps_lightgbm_long,2020-07,22,2.335073027427909,3.5274812297929907
cps_lightgbm_long,2020-08,22,1.3448118550006098,1.8440339517762785
cps_lightgbm_long,2020-09,22,1.4437182228617547,2.1143215515287106
cps_lightgbm_long,2020-10,22,1.2474470466288112,1.8289950153279242
cps_lightgbm_long,2020-11,22,1.0716534891652678,1.4137760599460167
cps_lightgbm_long,2020-12,22,0.8518453980111808,1.0112285538183907
cps_lightgbm_long,2021-01,22,1.0497490880837212,1.3220694905041825
cps_lightgbm_long,2021-02,22,1.3559625854891773,1.7775830935575627
cps_lightgbm_long,2021-03,22,0.9919900587303424,1.615558681518969
cps_lightgbm_long,2021-04,22,0.681925264190565,0.7791996141588349
cps_lightgbm_long,2021-05,22,0.882533142785793,1.1294815110042753
cps_lightgbm_long,2021-06,22,0.8128110826018028,1.053313205312326
cps_lightgbm_long,2021-07,22,0.8443650802203002,1.2532030757350507
cps_lightgbm_long,2021-08,22,0.8664380082741175,1.177582128129026
cps_lightgbm_long,2021-09,22,1.0177270126571878,1.1856526256527837
cps_lightgbm_long,2021-10,22,0.8658407574268492,1.0297242646728184
cps_lightgbm_long,2021-11,22,0.7522276359925635,0.9651832897999614
cps_lightgbm_long,2021-12,22,0.7515284796397992,0.8496416760384132
cps_lightgbm_long,2022-01,22,1.542519355790372,2.178446869131935
cps_lightgbm_long,2022-02,22,1.4814167256272877,1.616373944816527
cps_lightgbm_long,2022-03,22,1.1421546721005773,1.4926099487361826
cps_lightgbm_long,2022-04,22,0.8626300068687424,1.1728222505695
cps_lightgbm_long,2022-05,22,0.6242464881823229,0.9245115128003595
cps_lightgbm_long,2022-06,22,0.5825475212299944,0.7677461471189893
cps_lightgbm_long,2022-07,22,1.073729303176213,1.2975528767715
cps_lightgbm_long,2022-08,22,0.801318663449308,1.0705951017218585
cps_lightgbm_long,2022-09,22,0.6686934642161412,0.8084465512725901
cps_lightgbm_long,2022-10,22,0.6771743675573133,0.8172844591730907
cps_lightgbm_long,2022-11,22,0.6700501105594712,0.8549956101711977
cps_lightgbm_long,2022-12,22,0.6670685564158867,0.8167141711254563
cps_lightgbm_long,2023-01,22,0.9448130222362455,1.2563080359446068
cps_lightgbm_long,2023-02,22,0.8976436040663199,1.0782734812841832
cps_lightgbm_long,2023-03,22,0.987080058093861,1.3209868418185216
cps_lightgbm_long,2023-04,22,0.7187974931562899,0.9062526805363859
cps_lightgbm_long,2023-05,22,0.6077221848204734,0.8289806226473384
cps_lightgbm_long,2023-06,22,0.6091547998543468,0.6910523193626675
cps_lightgbm_long,2023-07,22,0.8680844429945664,1.2552955085233055
cps_lightgbm_long,2023-08,22,0.7650712982848611,1.0097088347935328
cps_lightgbm_long,2023-09,22,0.725443847106717,0.906509954502437
cps_lightgbm_long,2023-10,22,0.6212367435198246,0.8017222555871041
cps_lightgbm_long,2023-11,22,0.7562559702306644,0.9963356386587576
cps_lightgbm_long,2023-12,22,0.4537164793819784,0.5509147779010313
cps_lightgbm_long,2024-01,22,0.8331969935923321,1.0376696569362396
cps_lightgbm_long,2024-02,22,0.9673521352447103,1.199505961806636
cps_lightgbm_long,2024-03,22,0.7334168036297576,1.0544601962723572
cps_lightgbm_long,2024-04,22,0.6300771815004573,0.8075267598675883
cps_lightgbm_long,2024-05,22,0.7312451608472622,0.9560821283768713
cps_lightgbm_long,2024-06,22,0.5176904986539546,0.932853240653129
cps_lightgbm_long,2024-07,22,0.6594453877045342,0.7785772690709287
cps_lightgbm_long,2024-08,22,0.6367138304260561,0.8829270232891446
cps_lightgbm_long,2024-09,22,0.67666534728245,0.8366292200260143
cps_lightgbm_long,2024-10,22,0.9301421834852213,1.324572641588778
cps_lightgbm_long,2024-11,22,0.7832119975088982,1.1833972838445037
cps_lightgbm_long,2024-12,22,0.5743052318508775,0.785723263959079
cps_lightgbm_long,2025-01,22,0.664232727396815,0.9474670322326385
cps_lightgbm_long,2025-02,22,0.9557079084401999,1.330571594136826
cps_lightgbm_long,2025-03,22,0.8339727437639245,1.1789602650514426
cps_lightgbm_long,2025-04,22,0.6320086585457108,0.8968718022097756
cps_lightgbm_long,2025-05,22,0.6613198298701609,1.0017097322772552
cps_lightgbm_long,2025-06,22,0.5760574929590677,0.7181801347926585
cps_lightgbm_long,2025-11,22,0.574486776494301,0.7415576539464664
cps_lightgbm_long,2025-12,22,0.8102703921362253,1.224562211066661
cps_lightgbm_long,2026-01,22,0.598302748423247,0.8890713543708013
cps_lightgbm_long,2026-02,22,0.7816312836984703,0.9615583753728482
cps_lightgbm_long,2026-03,22,0.8721251538941366,1.1064591156653334
cps_lightgbm_long,2026-04,22,0.6143496434728312,0.8451175995235287
cps_lightgbm_long,2026-05,22,0.7470783557682874,0.9776537748460765
cps_ridge_common_window,2023-03,22,2.214655335213394,2.426943851303732
cps_ridge_common_window,2023-04,22,1.5026750495304178,1.7079305213237008
cps_ridge_common_window,2023-05,22,1.1059531644701486,1.3389691921322464
cps_ridge_common_window,2023-06,22,0.6484411373194996,0.836564413806086
cps_ridge_common_window,2023-07,22,0.8908557412063769,1.2339003505419854
cps_ridge_common_window,2023-08,22,0.5955458273790768,0.9378060642678965
cps_ridge_common_window,2023-09,22,0.6629331331909712,1.0055679699454978
cps_ridge_common_window,2023-10,22,0.5620207198276997,0.8152172745933696
cps_ridge_common_window,2023-11,22,0.815013824783529,1.185322083631356
cps_ridge_common_window,2023-12,22,0.8096339906774133,0.9888569719129885
cps_ridge_common_window,2024-01,22,1.498117593303274,1.7030248495841576
cps_ridge_common_window,2024-02,22,1.5895215831518497,1.7970947258711352
cps_ridge_common_window,2024-03,22,1.3994570794701817,1.6151811517157222
cps_ridge_common_window,2024-04,22,0.7924938859047889,0.9635601027443251
cps_ridge_common_window,2024-05,22,0.6313832116575491,0.895408962251731
cps_ridge_common_window,2024-06,22,0.7049792070631452,1.1525606850932821
cps_ridge_common_window,2024-07,22,0.5638531576112024,0.6869761861095818
cps_ridge_common_window,2024-08,22,0.630648162050132,0.9308851412671493
cps_ridge_common_window,2024-09,22,0.4138821103645398,0.5022263817718711
cps_ridge_common_window,2024-10,22,0.7428457289350185,1.1891619620827112
cps_ridge_common_window,2024-11,22,0.8020216907344045,1.3142052169040601
cps_ridge_common_window,2024-12,22,0.5350072147814459,0.7476613261755425
cps_ridge_common_window,2025-01,22,0.9577925009242713,1.1077810563876622
cps_ridge_common_window,2025-02,22,1.3658856956601342,1.6039702851028268
cps_ridge_common_window,2025-03,22,1.2037562161390247,1.5897013369264252
cps_ridge_common_window,2025-04,22,0.7947354804900635,1.1524989676777886
cps_ridge_common_window,2025-05,22,0.7300802968645974,1.016915444452006
cps_ridge_common_window,2025-06,22,0.4209772243005784,0.6387095465547821
cps_ridge_common_window,2025-11,22,0.45957200638906676,0.5839576862035775
cps_ridge_common_window,2025-12,22,0.7824438551678177,1.125369783112995
cps_ridge_common_window,2026-01,22,1.059956261019076,1.295600483315924
cps_ridge_common_window,2026-02,22,1.2529439526222947,1.4265917628273186
cps_ridge_common_window,2026-03,22,1.1107890596478969,1.456261639792696
cps_ridge_common_window,2026-04,22,0.7649839141396739,1.0438506225607445
cps_ridge_common_window,2026-05,22,0.6857572606835735,0.9081375487167567
cps_ridge_long,2019-04,22,0.7627812750296897,1.0841273539687277
cps_ridge_long,2019-05,22,0.6194041120164294,1.0481143958203905
cps_ridge_long,2019-06,22,0.6151510361656166,1.1866315637850462
cps_ridge_long,2019-07,22,0.7172349435969892,0.9732685634824726
cps_ridge_long,2019-08,22,0.7223204899636287,0.8843271182417841
cps_ridge_long,2019-09,22,0.6322010165502027,0.7297613878217394
cps_ridge_long,2019-10,22,0.6917130953866656,1.1463271649822317
cps_ridge_long,2019-11,22,0.6749081129999901,0.930251682412848
cps_ridge_long,2019-12,22,0.69320445508421,1.1217838805981033
cps_ridge_long,2020-01,22,3.57595906478714,4.872472547063836
cps_ridge_long,2020-02,22,6.605110395841876,8.857853172656654
cps_ridge_long,2020-03,22,8.476096407748212,11.189476879682802
cps_ridge_long,2020-04,22,3.4745960891492014,4.325214085920912
cps_ridge_long,2020-05,22,3.339232153221134,4.075657830308382
cps_ridge_long,2020-06,22,3.196378088058948,3.793307909716513
cps_ridge_long,2020-07,22,1.8591291151595877,2.2406382782322307
cps_ridge_long,2020-08,22,1.310438861293922,1.5351340122868748
cps_ridge_long,2020-09,22,1.0913419641903943,1.447059923934898
cps_ridge_long,2020-10,22,1.5894944064289291,2.1723975597553884
cps_ridge_long,2020-11,22,1.2771586495199527,1.8165988151276065
cps_ridge_long,2020-12,22,0.7434670124544617,0.8986960004931429
cps_ridge_long,2021-01,22,0.5601986018954022,0.6764608526565378
cps_ridge_long,2021-02,22,0.6798226715241271,0.8525735421248631
cps_ridge_long,2021-03,22,0.47299331999580213,0.7209498627114281
cps_ridge_long,2021-04,22,0.5819834293645653,0.7194305002427552
cps_ridge_long,2021-05,22,0.6184517403116868,0.8918615378900585
cps_ridge_long,2021-06,22,0.6414936611334636,0.822769623647231
cps_ridge_long,2021-07,22,0.5998192884864783,0.9274460016129532
cps_ridge_long,2021-08,22,0.5827390408049622,0.8647932223520903
cps_ridge_long,2021-09,22,0.6069163759151007,0.7620370566829535
cps_ridge_long,2021-10,22,0.5728316332082396,0.7153355736587074
cps_ridge_long,2021-11,22,0.6804435432675083,0.8788323189269117
cps_ridge_long,2021-12,22,0.6263995481010748,0.7995266567978259
cps_ridge_long,2022-01,22,1.460132009736953,1.6543612962417769
cps_ridge_long,2022-02,22,1.6291427735675332,1.8266958237048234
cps_ridge_long,2022-03,22,1.231853344940692,1.5858113903618691
cps_ridge_long,2022-04,22,0.9888430292751338,1.155973435839827
cps_ridge_long,2022-05,22,0.6862722929053041,0.9340433144426386
cps_ridge_long,2022-06,22,0.6166768683915334,0.7106993502751217
cps_ridge_long,2022-07,22,0.6244536319340427,0.7435168385411058
cps_ridge_long,2022-08,22,0.8026042618766691,1.066343738859793
cps_ridge_long,2022-09,22,0.5219074724791928,0.6776818477191565
cps_ridge_long,2022-10,22,0.6753802724327914,0.8349708665970669
cps_ridge_long,2022-11,22,0.633223756941608,0.7606007056340621
cps_ridge_long,2022-12,22,0.6578441761487892,0.820536283403013
cps_ridge_long,2023-01,22,1.13867384429364,1.3514553467521673
cps_ridge_long,2023-02,22,1.1952473076538703,1.3542257026060565
cps_ridge_long,2023-03,22,1.0909297824324513,1.3687879402484
cps_ridge_long,2023-04,22,0.6483392272615902,1.0207929009456866
cps_ridge_long,2023-05,22,0.6151714207693111,0.8418513197704205
cps_ridge_long,2023-06,22,0.35921805805226986,0.45968887653575086
cps_ridge_long,2023-07,22,0.6953424403845295,0.9948042163430798
cps_ridge_long,2023-08,22,0.4768790270667372,0.7190332044486659
cps_ridge_long,2023-09,22,0.5469927667426764,0.7632805152493617
cps_ridge_long,2023-10,22,0.49865680342084373,0.6444099671409833
cps_ridge_long,2023-11,22,0.6865554189434059,0.9691925929291556
cps_ridge_long,2023-12,22,0.4589123597361569,0.6339322515940083
cps_ridge_long,2024-01,22,0.9570445375901805,1.1267328793105722
cps_ridge_long,2024-02,22,0.97372685441787,1.1468672811046152
cps_ridge_long,2024-03,22,0.8423481977209604,1.0979448614774352
cps_ridge_long,2024-04,22,0.5523756011924921,0.7340154133597725
cps_ridge_long,2024-05,22,0.5902578798746624,0.8792506124529659
cps_ridge_long,2024-06,22,0.612675781048624,1.0492801645437992
cps_ridge_long,2024-07,22,0.5432130297114844,0.6427392039774249
cps_ridge_long,2024-08,22,0.5487590139549314,0.9656708401888856
cps_ridge_long,2024-09,22,0.4533338292809386,0.5674432644142585
cps_ridge_long,2024-10,22,0.683495433350276,1.0881466899618522
cps_ridge_long,2024-11,22,0.7564356608411782,1.2464881599527582
cps_ridge_long,2024-12,22,0.43211745336289903,0.653180668955082
cps_ridge_long,2025-01,22,0.582000941257466,0.7436519621869249
cps_ridge_long,2025-02,22,0.9269332315127902,1.1970042461772568
cps_ridge_long,2025-03,22,0.7712403752033662,1.2730733691995901
cps_ridge_long,2025-04,22,0.5994509968724997,0.9962352550517009
cps_ridge_long,2025-05,22,0.6206388696500479,0.9894025578564034
cps_ridge_long,2025-06,22,0.45676957069223706,0.6565638682963242
cps_ridge_long,2025-11,22,0.4073576775692833,0.5365808241264899
cps_ridge_long,2025-12,22,0.6812650052692016,1.0469003849343614
cps_ridge_long,2026-01,22,0.7938186897800084,1.0482038881545426
cps_ridge_long,2026-02,22,0.9018652454938898,1.1081205003440542
cps_ridge_long,2026-03,22,0.8785607818452811,1.2559333516199402
cps_ridge_long,2026-04,22,0.6511595104188518,0.971954694083402
cps_ridge_long,2026-05,22,0.610641616148295,0.9337955452417683
persistence,2019-04,22,0.7895349769759796,1.2554465849522125
persistence,2019-05,22,0.6283574800450074,1.0636281843438633
persistence,2019-06,22,0.4471539887321628,0.7408271138690383
persistence,2019-07,22,0.7248028521165882,1.1487278486449246
persistence,2019-08,22,0.8367225228091779,1.1144104316373893
persistence,2019-09,22,0.5954897675082097,1.008871624608957
persistence,2019-10,22,0.6769990090402151,1.7550318464705739
persistence,2019-11,22,0.7094782065830771,0.902436947787763
persistence,2019-12,22,0.9684738995194728,1.240954010347199
persistence,2020-01,22,3.842344132133272,5.127059827854103
persistence,2020-02,22,6.931711884030403,9.071863597893726
persistence,2020-03,22,8.101652719105337,10.6329057951358
persistence,2020-04,22,3.353740248536526,4.90860357544082
persistence,2020-05,22,3.3133484975385055,4.712202159445499
persistence,2020-06,22,2.6266855804457463,3.8711092619946865
persistence,2020-07,22,2.5610678046917372,3.314489020628439
persistence,2020-08,22,1.6230057275017205,2.2937311037320374
persistence,2020-09,22,1.25512777844871,1.7873719127325227
persistence,2020-10,22,0.9216555351584884,1.6685269249585504
persistence,2020-11,22,0.9571551699718795,1.4277550210489929
persistence,2020-12,22,0.7432566715397955,1.0723843330237761
persistence,2021-01,22,0.9239652607575277,1.3845090216663667
persistence,2021-02,22,0.9783229256735022,1.3969634177159154
persistence,2021-03,22,0.6860240767487564,1.0989577747810406
persistence,2021-04,22,0.7224896033562591,0.9294822879261769
persistence,2021-05,22,0.735489317916024,1.0748486788055154
persistence,2021-06,22,1.0782010097644805,1.4699282151647264
persistence,2021-07,22,1.0796270762051068,1.4062922507123725
persistence,2021-08,22,1.0215947557258553,1.4031302478067935
persistence,2021-09,22,0.8687816953767059,1.0474386841902872
persistence,2021-10,22,0.6422895438713319,0.9472346785027486
persistence,2021-11,22,0.736693822541103,1.0735074752354405
persistence,2021-12,22,0.6900209135644463,0.8670482080918523
persistence,2022-01,22,0.8991423377702487,1.1928063214210207
persistence,2022-02,22,0.9880939755275997,1.4196170709357128
persistence,2022-03,22,0.817046446963845,1.1912295652461093
persistence,2022-04,22,0.6030077077741285,0.8578413093772581
persistence,2022-05,22,0.5471408558182815,0.9818867086980151
persistence,2022-06,22,0.38856095416656866,0.4504664350361336
persistence,2022-07,22,0.8153090081814164,1.166289807719309
persistence,2022-08,22,0.6912898608709864,1.0867310415746008
persistence,2022-09,22,0.5738014331892765,0.8065780711412575
persistence,2022-10,22,0.655919009054065,0.804961529066141
persistence,2022-11,22,0.5634572359243235,0.7825954539556026
persistence,2022-12,22,0.6696585476837617,0.8322630081383466
persistence,2023-01,22,0.7267805497260191,0.917038726147091
persistence,2023-02,22,0.7083622181889269,0.9310550391142007
persistence,2023-03,22,0.573803801828838,0.8688417213189037
persistence,2023-04,22,0.7411883922409719,1.1137945716984623
persistence,2023-05,22,0.523236775982145,0.8966928960996052
persistence,2023-06,22,0.35306102571454007,0.42037620221897204
persistence,2023-07,22,0.8132314783078036,1.3605002784576534
persistence,2023-08,22,0.5551497810677608,0.8656249788413665
persistence,2023-09,22,0.7119510231326308,0.9644634274300908
persistence,2023-10,22,0.5366594215588173,0.7653186419827455
persistence,2023-11,22,0.881028895751565,1.1946872843010812
persistence,2023-12,22,0.5992600028318535,0.7535621234786701
persistence,2024-01,22,0.661010302512908,0.9126334450452223
persistence,2024-02,22,0.724714513764045,1.0779161885179325
persistence,2024-03,22,0.7160166501784422,1.0155009707436649
persistence,2024-04,22,0.7731399432341827,1.0838430611329148
persistence,2024-05,22,0.7900779943359573,1.1282848453368026
persistence,2024-06,22,0.586150949640625,1.2103607886106482
persistence,2024-07,22,0.6813566925464922,0.8969376432364498
persistence,2024-08,22,0.8166610166251509,1.4569905562437704
persistence,2024-09,22,0.5877361982420888,0.7158519311899089
persistence,2024-10,22,0.9146194485305537,1.5444991552190914
persistence,2024-11,22,0.9053049127650034,1.6248136577104892
persistence,2024-12,22,0.6008002254442939,0.7719379316625179
persistence,2025-01,22,0.6500170642497896,0.9130487658800722
persistence,2025-02,22,0.8429148821299189,1.3641238777327467
persistence,2025-03,22,0.7856042299863432,1.5012736879760664
persistence,2025-04,22,0.7411834564256289,1.0637884274450338
persistence,2025-05,22,0.7004989856328909,1.0995022470440952
persistence,2025-06,22,0.5051743823578277,0.6731479527976928
persistence,2025-11,22,0.5907810981986341,0.8657787700957169
persistence,2025-12,22,0.922700204672822,1.190194342795737
persistence,2026-01,22,0.8384427667687423,1.318630788722726
persistence,2026-02,22,0.8273683719356103,1.2998900585454223
persistence,2026-03,22,0.9034139069140327,1.4636436383407274
persistence,2026-04,22,0.7308396177246513,1.049589343242058
persistence,2026-05,22,0.6470925509459495,0.954005843037795
