model,occupation_group,group_month_n,mae_pp,rmse_pp
cps_acs_lightgbm_common_window,11-0000,35,0.5284351646132025,0.6870987510289334
cps_acs_lightgbm_common_window,13-0000,35,0.5165975956575717,0.6870017534911812
cps_acs_lightgbm_common_window,15-0000,35,0.5603982121564742,0.6984585386718936
cps_acs_lightgbm_common_window,17-0000,35,0.6428726238479452,0.8149742299897731
cps_acs_lightgbm_common_window,19-0000,35,0.6751802875411146,0.9207083032543111
cps_acs_lightgbm_common_window,21-0000,35,0.504401200607502,0.7040322070322426
cps_acs_lightgbm_common_window,23-0000,35,1.0212107416374576,1.282886806650801
cps_acs_lightgbm_common_window,25-0000,35,1.1558034814902554,1.4836590549234387
cps_acs_lightgbm_common_window,27-0000,35,0.9722390840771488,1.2957091382412782
cps_acs_lightgbm_common_window,29-0000,35,0.9565891391818636,1.1130272173288185
cps_acs_lightgbm_common_window,31-0000,35,0.7773293721290818,0.9900847595178959
cps_acs_lightgbm_common_window,33-0000,35,0.936613910850938,1.2428820293391654
cps_acs_lightgbm_common_window,35-0000,35,1.242905512252396,1.696655476543692
cps_acs_lightgbm_common_window,37-0000,35,1.3857372884505221,1.8533889381998445
cps_acs_lightgbm_common_window,39-0000,35,1.189972592013026,1.6718630715700828
cps_acs_lightgbm_common_window,41-0000,35,0.6598581830118119,0.9827258870165416
cps_acs_lightgbm_common_window,43-0000,35,0.6567856002169504,0.9872003881859452
cps_acs_lightgbm_common_window,45-0000,35,2.2014895787442863,2.709876258527222
cps_acs_lightgbm_common_window,47-0000,35,1.2193787382938195,1.5072375402300218
cps_acs_lightgbm_common_window,49-0000,35,1.2928971872671033,1.4991036891137701
cps_acs_lightgbm_common_window,51-0000,35,0.7735286452002935,1.1118920913380228
cps_acs_lightgbm_common_window,53-0000,35,0.6187027598585041,0.8263330003633642
cps_acs_ridge_common_window,11-0000,35,0.4869748594013638,0.621249705843827
cps_acs_ridge_common_window,13-0000,35,0.5323743928574197,0.6354912175839592
cps_acs_ridge_common_window,15-0000,35,0.37250518616981915,0.47297472248402184
cps_acs_ridge_common_window,17-0000,35,0.5850635674124726,0.7258865919645071
cps_acs_ridge_common_window,19-0000,35,0.5108809645707122,0.709774202186882
cps_acs_ridge_common_window,21-0000,35,0.6460830547926117,0.7691043455764415
cps_acs_ridge_common_window,23-0000,35,0.579549901266339,0.7184070672429406
cps_acs_ridge_common_window,25-0000,35,1.2671635247646695,1.4595506826500237
cps_acs_ridge_common_window,27-0000,35,1.126598851247363,1.455844326383859
cps_acs_ridge_common_window,29-0000,35,0.4653077028113941,0.5747392417417708
cps_acs_ridge_common_window,31-0000,35,0.6836962619835787,0.8562841056719532
cps_acs_ridge_common_window,33-0000,35,0.7565038763602022,0.9105923779820349
cps_acs_ridge_common_window,35-0000,35,1.7229451393388489,2.0109577646646333
cps_acs_ridge_common_window,37-0000,35,1.3062379329528435,1.6148363157038772
cps_acs_ridge_common_window,39-0000,35,1.5388298983171982,1.7489368423150207
cps_acs_ridge_common_window,41-0000,35,0.6596989432858896,0.880997965046111
cps_acs_ridge_common_window,43-0000,35,0.6853618305478925,0.8804108881246157
cps_acs_ridge_common_window,45-0000,35,2.304984699422448,2.7370731235184627
cps_acs_ridge_common_window,47-0000,35,1.3603480275677116,1.6408507174739528
cps_acs_ridge_common_window,49-0000,35,0.7138720812603013,0.9011653136066685
cps_acs_ridge_common_window,51-0000,35,0.756751369292336,0.9186395716323662
cps_acs_ridge_common_window,53-0000,35,0.8338550549334823,1.0116762163293254
cps_lightgbm_common_window,11-0000,35,0.5819289653451802,0.6900422572827676
cps_lightgbm_common_window,13-0000,35,0.6823832228785948,0.8961308749015221
cps_lightgbm_common_window,15-0000,35,0.654608594626536,0.7545130993345041
cps_lightgbm_common_window,17-0000,35,0.6540459778062381,0.7978868419038134
cps_lightgbm_common_window,19-0000,35,0.7668237128641527,0.9338078616380915
cps_lightgbm_common_window,21-0000,35,0.5362396370319475,0.6767480700760647
cps_lightgbm_common_window,23-0000,35,0.9987913159340231,1.2216330841596357
cps_lightgbm_common_window,25-0000,35,1.1869294095320062,1.528438474902415
cps_lightgbm_common_window,27-0000,35,1.0767769085071266,1.4288889597052283
cps_lightgbm_common_window,29-0000,35,0.890639688213047,1.033763619592795
cps_lightgbm_common_window,31-0000,35,0.5177549086310622,0.6233197461436275
cps_lightgbm_common_window,33-0000,35,0.777056128919885,1.0087341623949846
cps_lightgbm_common_window,35-0000,35,1.3621607314918371,1.7798927250902732
cps_lightgbm_common_window,37-0000,35,1.062026200006776,1.3454556535180318
cps_lightgbm_common_window,39-0000,35,1.1705752811697008,1.5878988499439983
cps_lightgbm_common_window,41-0000,35,0.5388364978829522,0.7507844381204967
cps_lightgbm_common_window,43-0000,35,0.48797957399925634,0.7678302812675161
cps_lightgbm_common_window,45-0000,35,2.163739619336748,2.6864363807249707
cps_lightgbm_common_window,47-0000,35,1.2189397556857042,1.5548876045595892
cps_lightgbm_common_window,49-0000,35,0.8141740795555604,1.0023132574540399
cps_lightgbm_common_window,51-0000,35,0.6040715860030756,0.8815413977354302
cps_lightgbm_common_window,53-0000,35,0.6830208196052474,0.8573805796092852
cps_lightgbm_long,11-0000,82,0.6203815878147712,0.7891712389451587
cps_lightgbm_long,13-0000,82,0.5585879148538293,0.7715484886812684
cps_lightgbm_long,15-0000,82,0.5373820295350923,0.642295674733989
cps_lightgbm_long,17-0000,82,0.7101749941688267,0.8805921876749279
cps_lightgbm_long,19-0000,82,0.7880394132282079,1.0719714484862346
cps_lightgbm_long,21-0000,82,0.6319452850774393,0.85378222152375
cps_lightgbm_long,23-0000,82,0.8298055893987333,1.0184822509788116
cps_lightgbm_long,25-0000,82,1.6635710547597828,2.3357784691897376
cps_lightgbm_long,27-0000,82,1.5687426446742612,3.0230166391056956
cps_lightgbm_long,29-0000,82,0.7501680243569835,0.9482578919494028
cps_lightgbm_long,31-0000,82,0.9792908616243466,1.743669024688555
cps_lightgbm_long,33-0000,82,0.7802396238942702,1.2357708484489278
cps_lightgbm_long,35-0000,82,2.9888249967768044,6.298332723769499
cps_lightgbm_long,37-0000,82,1.5751153879920134,2.506300026874262
cps_lightgbm_long,39-0000,82,2.3003877946503977,5.414508682306326
cps_lightgbm_long,41-0000,82,0.9547327518199031,2.041252243800899
cps_lightgbm_long,43-0000,82,0.7413991312058281,1.4507330483019076
cps_lightgbm_long,45-0000,82,1.8230473297157457,2.258350715866516
cps_lightgbm_long,47-0000,82,1.5291385163199327,2.1740258160303694
cps_lightgbm_long,49-0000,82,0.9083267842353867,1.567885409151765
cps_lightgbm_long,51-0000,82,1.0120920252021752,1.974270041782805
cps_lightgbm_long,53-0000,82,1.2921594748208345,2.554071203103596
cps_ridge_common_window,11-0000,35,0.47887318645591065,0.6142820542176325
cps_ridge_common_window,13-0000,35,0.5332441949499814,0.6370647474201336
cps_ridge_common_window,15-0000,35,0.37403466773967226,0.4743550929678976
cps_ridge_common_window,17-0000,35,0.580725015430474,0.7228107193717465
cps_ridge_common_window,19-0000,35,0.5110854392287534,0.7118578819285897
cps_ridge_common_window,21-0000,35,0.6447491473473064,0.7691432957904695
cps_ridge_common_window,23-0000,35,0.580315880279083,0.7191938591549524
cps_ridge_common_window,25-0000,35,1.2729037685678541,1.4600978029232694
cps_ridge_common_window,27-0000,35,1.1287064832465161,1.4590354514755681
cps_ridge_common_window,29-0000,35,0.4608877073411697,0.5716440883328403
cps_ridge_common_window,31-0000,35,0.685706385408489,0.8576284409055029
cps_ridge_common_window,33-0000,35,0.7585250404423158,0.9147652437629724
cps_ridge_common_window,35-0000,35,1.751223902435938,2.0242368741400627
cps_ridge_common_window,37-0000,35,1.3058559337597777,1.6150581415132554
cps_ridge_common_window,39-0000,35,1.5523236008512917,1.7585293816510716
cps_ridge_common_window,41-0000,35,0.6506039131645996,0.8724853583961846
cps_ridge_common_window,43-0000,35,0.6784762338200852,0.8757816186302125
cps_ridge_common_window,45-0000,35,2.3001684788138745,2.7352778754697358
cps_ridge_common_window,47-0000,35,1.361590326907992,1.642632410469282
cps_ridge_common_window,49-0000,35,0.7220355608599675,0.9071573090078753
cps_ridge_common_window,51-0000,35,0.7611541959082855,0.9215246197556499
cps_ridge_common_window,53-0000,35,0.833538651292971,1.0096968195860199
cps_ridge_long,11-0000,82,0.5399368485027755,0.905329822699166
cps_ridge_long,13-0000,82,0.6354280678889487,0.8758851809679188
cps_ridge_long,15-0000,82,0.44500426879226856,0.63357751144654
cps_ridge_long,17-0000,82,0.5844882062064796,0.8179159973416962
cps_ridge_long,19-0000,82,0.7108847326980391,0.9997550248239787
cps_ridge_long,21-0000,82,0.6001163655627818,0.8183538919000395
cps_ridge_long,23-0000,82,0.5774145736788953,0.7719540450710879
cps_ridge_long,25-0000,82,1.6154177041261077,2.2776298030073168
cps_ridge_long,27-0000,82,1.4518408226502955,2.7055834072327007
cps_ridge_long,29-0000,82,0.46100865761682086,0.7740276440993893
cps_ridge_long,31-0000,82,0.956047194952117,1.459068388264888
cps_ridge_long,33-0000,82,0.7265972885100969,1.0952245142777786
cps_ridge_long,35-0000,82,2.285894417115127,4.956707728844085
cps_ridge_long,37-0000,82,1.4030434356052675,2.1476769668781426
cps_ridge_long,39-0000,82,2.0237513503430455,4.677685390180627
cps_ridge_long,41-0000,82,0.9061835324820778,1.84962610905818
cps_ridge_long,43-0000,82,0.760403906302236,1.447189866150813
cps_ridge_long,45-0000,82,2.026624361704069,2.474699468558385
cps_ridge_long,47-0000,82,1.3962744261567388,1.9632634620538973
cps_ridge_long,49-0000,82,0.8875977256294149,1.498657580207771
cps_ridge_long,51-0000,82,0.9216882885121118,1.7877797083811264
cps_ridge_long,53-0000,82,1.06580916718705,2.0411137969939346
persistence,11-0000,82,0.3658001449136797,0.6134783031704776
persistence,13-0000,82,0.48250437646581035,0.6783830628606103
persistence,15-0000,82,0.4194002039353842,0.5468859781136988
persistence,17-0000,82,0.5541448848772914,0.7595808428834612
persistence,19-0000,82,0.7562596749466797,0.9763683389711467
persistence,21-0000,82,0.6795663489164794,0.8913109672758415
persistence,23-0000,82,0.5842645245615664,0.7968632021860901
persistence,25-0000,82,1.7306114366129983,2.6146640912312917
persistence,27-0000,82,1.452017187854619,2.5761708835258355
persistence,29-0000,82,0.4570827297341973,0.7989605423752035
persistence,31-0000,82,0.8309128369367694,1.5322609594088712
persistence,33-0000,82,0.8796845581664273,1.3320918608625616
persistence,35-0000,82,2.107570378646041,4.849293102523333
persistence,37-0000,82,1.501715523378649,2.3158689611840297
persistence,39-0000,82,2.0530854365556803,5.039497429179435
persistence,41-0000,82,0.9067060709179474,1.930976489248581
persistence,43-0000,82,0.7047882526139551,1.3863216250164552
persistence,45-0000,82,2.5226484397071984,3.0544228861642453
persistence,47-0000,82,1.5958300948725146,2.1404422850052747
persistence,49-0000,82,0.8826439898089145,1.5604134830144871
persistence,51-0000,82,0.9649263053577283,1.8762869520177161
persistence,53-0000,82,0.9498190672553898,1.8869059372181418
