fold_id,test_month,block,feature,component,loading,explained_variance_ratio,fit_observation_count,sign_anchor,fit_start,fit_end,fit_source_rows_unique_by
test_2019-04,2019-04,L,u_t,PC1,0.6992925537142661,0.35305353226612907,792,u_t,2016-01,2018-12,occupation_group × month
test_2019-04,2019-04,L,log_emp_change,PC1,-0.6945191920290383,0.35305353226612907,792,u_t,2016-01,2018-12,occupation_group × month
test_2019-04,2019-04,L,employment_share,PC1,0.1692129316072264,0.35305353226612907,792,u_t,2016-01,2018-12,occupation_group × month
test_2019-05,2019-05,L,u_t,PC1,0.7028341341145738,0.3557494528222787,814,u_t,2016-01,2019-01,occupation_group × month
test_2019-05,2019-05,L,log_emp_change,PC1,-0.7059649372574414,0.3557494528222787,814,u_t,2016-01,2019-01,occupation_group × month
test_2019-05,2019-05,L,employment_share,PC1,0.08739386297969595,0.3557494528222787,814,u_t,2016-01,2019-01,occupation_group × month
test_2019-06,2019-06,L,u_t,PC1,0.7026482065726827,0.3544045733884406,836,u_t,2016-01,2019-02,occupation_group × month
test_2019-06,2019-06,L,log_emp_change,PC1,-0.7078490610414857,0.3544045733884406,836,u_t,2016-01,2019-02,occupation_group × month
test_2019-06,2019-06,L,employment_share,PC1,0.07235471361894488,0.3544045733884406,836,u_t,2016-01,2019-02,occupation_group × month
test_2019-07,2019-07,L,u_t,PC1,0.706702154628856,0.35319497129769245,858,u_t,2016-01,2019-03,occupation_group × month
test_2019-07,2019-07,L,log_emp_change,PC1,-0.702948805520974,0.35319497129769245,858,u_t,2016-01,2019-03,occupation_group × month
test_2019-07,2019-07,L,employment_share,PC1,-0.08021871015896903,0.35319497129769245,858,u_t,2016-01,2019-03,occupation_group × month
test_2019-08,2019-08,L,u_t,PC1,0.7087607553808877,0.3494780176218895,880,u_t,2016-01,2019-04,occupation_group × month
test_2019-08,2019-08,L,log_emp_change,PC1,-0.7012059477856394,0.3494780176218895,880,u_t,2016-01,2019-04,occupation_group × month
test_2019-08,2019-08,L,employment_share,PC1,-0.07725548797306409,0.3494780176218895,880,u_t,2016-01,2019-04,occupation_group × month
test_2019-09,2019-09,L,u_t,PC1,0.6962977684641125,0.3492489404535149,902,u_t,2016-01,2019-05,occupation_group × month
test_2019-09,2019-09,L,log_emp_change,PC1,-0.7126387232030927,0.3492489404535149,902,u_t,2016-01,2019-05,occupation_group × month
test_2019-09,2019-09,L,employment_share,PC1,0.08553050814395716,0.3492489404535149,902,u_t,2016-01,2019-05,occupation_group × month
test_2019-10,2019-10,L,u_t,PC1,0.6973755682808706,0.35406667887677296,924,u_t,2016-01,2019-06,occupation_group × month
test_2019-10,2019-10,L,log_emp_change,PC1,-0.7098922396620932,0.35406667887677296,924,u_t,2016-01,2019-06,occupation_group × month
test_2019-10,2019-10,L,employment_share,PC1,0.09859170772671755,0.35406667887677296,924,u_t,2016-01,2019-06,occupation_group × month
test_2019-11,2019-11,L,u_t,PC1,0.6836798681063797,0.35704685106006034,946,u_t,2016-01,2019-07,occupation_group × month
test_2019-11,2019-11,L,log_emp_change,PC1,-0.7053557138387981,0.35704685106006034,946,u_t,2016-01,2019-07,occupation_group × month
test_2019-11,2019-11,L,employment_share,PC1,0.18723021898455028,0.35704685106006034,946,u_t,2016-01,2019-07,occupation_group × month
test_2019-12,2019-12,L,u_t,PC1,0.6897379944968854,0.35575258185433833,968,u_t,2016-01,2019-08,occupation_group × month
test_2019-12,2019-12,L,log_emp_change,PC1,-0.700869274579906,0.35575258185433833,968,u_t,2016-01,2019-08,occupation_group × month
test_2019-12,2019-12,L,employment_share,PC1,0.1817794237455133,0.35575258185433833,968,u_t,2016-01,2019-08,occupation_group × month
test_2020-01,2020-01,L,u_t,PC1,0.7050183161286887,0.35395757069414396,990,u_t,2016-01,2019-09,occupation_group × month
test_2020-01,2020-01,L,log_emp_change,PC1,-0.7034361354095557,0.35395757069414396,990,u_t,2016-01,2019-09,occupation_group × month
test_2020-01,2020-01,L,employment_share,PC1,0.09014864016244128,0.35395757069414396,990,u_t,2016-01,2019-09,occupation_group × month
test_2020-02,2020-02,L,u_t,PC1,0.7077233059728967,0.35403879483775486,1012,u_t,2016-01,2019-10,occupation_group × month
test_2020-02,2020-02,L,log_emp_change,PC1,-0.7046169063862775,0.35403879483775486,1012,u_t,2016-01,2019-10,occupation_group × month
test_2020-02,2020-02,L,employment_share,PC1,0.05140756187007435,0.35403879483775486,1012,u_t,2016-01,2019-10,occupation_group × month
test_2020-03,2020-03,L,u_t,PC1,0.7067534831708047,0.3567381985942035,1034,u_t,2016-01,2019-11,occupation_group × month
test_2020-03,2020-03,L,log_emp_change,PC1,-0.7064560160897587,0.3567381985942035,1034,u_t,2016-01,2019-11,occupation_group × month
test_2020-03,2020-03,L,employment_share,PC1,0.03767507606524342,0.3567381985942035,1034,u_t,2016-01,2019-11,occupation_group × month
test_2020-04,2020-04,L,u_t,PC1,0.7059573215576843,0.35402324462068296,1056,u_t,2016-01,2019-12,occupation_group × month
test_2020-04,2020-04,L,log_emp_change,PC1,-0.7064354997469666,0.35402324462068296,1056,u_t,2016-01,2019-12,occupation_group × month
test_2020-04,2020-04,L,employment_share,PC1,0.05072617506133688,0.35402324462068296,1056,u_t,2016-01,2019-12,occupation_group × month
test_2020-05,2020-05,L,u_t,PC1,0.6962296636709383,0.36003445624449476,1078,u_t,2016-01,2020-01,occupation_group × month
test_2020-05,2020-05,L,log_emp_change,PC1,-0.7047366439653007,0.36003445624449476,1078,u_t,2016-01,2020-01,occupation_group × month
test_2020-05,2020-05,L,employment_share,PC1,-0.13642037266177257,0.36003445624449476,1078,u_t,2016-01,2020-01,occupation_group × month
test_2020-06,2020-06,L,u_t,PC1,0.69466057158578,0.35747388495570803,1100,u_t,2016-01,2020-02,occupation_group × month
test_2020-06,2020-06,L,log_emp_change,PC1,-0.7013210849991651,0.35747388495570803,1100,u_t,2016-01,2020-02,occupation_group × month
test_2020-06,2020-06,L,employment_share,PC1,-0.1599857056730724,0.35747388495570803,1100,u_t,2016-01,2020-02,occupation_group × month
test_2020-07,2020-07,L,u_t,PC1,0.6955827783702341,0.3602165547725532,1122,u_t,2016-01,2020-03,occupation_group × month
test_2020-07,2020-07,L,log_emp_change,PC1,-0.6997034049372072,0.3602165547725532,1122,u_t,2016-01,2020-03,occupation_group × month
test_2020-07,2020-07,L,employment_share,PC1,-0.1630329523563397,0.3602165547725532,1122,u_t,2016-01,2020-03,occupation_group × month
test_2020-08,2020-08,L,u_t,PC1,0.7063016637623543,0.4906311801520385,1144,u_t,2016-01,2020-04,occupation_group × month
test_2020-08,2020-08,L,log_emp_change,PC1,-0.706469330828607,0.4906311801520385,1144,u_t,2016-01,2020-04,occupation_group × month
test_2020-08,2020-08,L,employment_share,PC1,-0.04515577886727501,0.4906311801520385,1144,u_t,2016-01,2020-04,occupation_group × month
test_2020-09,2020-09,L,u_t,PC1,0.7062247143680287,0.45001351601862644,1166,u_t,2016-01,2020-05,occupation_group × month
test_2020-09,2020-09,L,log_emp_change,PC1,-0.7059112454994966,0.45001351601862644,1166,u_t,2016-01,2020-05,occupation_group × month
test_2020-09,2020-09,L,employment_share,PC1,-0.05418455770001869,0.45001351601862644,1166,u_t,2016-01,2020-05,occupation_group × month
test_2020-10,2020-10,L,u_t,PC1,0.7048294525710296,0.4215100211036424,1188,u_t,2016-01,2020-06,occupation_group × month
test_2020-10,2020-10,L,log_emp_change,PC1,-0.7043118089252738,0.4215100211036424,1188,u_t,2016-01,2020-06,occupation_group × month
test_2020-10,2020-10,L,employment_share,PC1,-0.08461866577080397,0.4215100211036424,1188,u_t,2016-01,2020-06,occupation_group × month
test_2020-11,2020-11,L,u_t,PC1,0.704240744393094,0.41031655921465204,1210,u_t,2016-01,2020-07,occupation_group × month
test_2020-11,2020-11,L,log_emp_change,PC1,-0.7040507026282307,0.41031655921465204,1210,u_t,2016-01,2020-07,occupation_group × month
test_2020-11,2020-11,L,employment_share,PC1,-0.09141981221461462,0.41031655921465204,1210,u_t,2016-01,2020-07,occupation_group × month
test_2020-12,2020-12,L,u_t,PC1,0.7038875860608523,0.40656801877700655,1232,u_t,2016-01,2020-08,occupation_group × month
test_2020-12,2020-12,L,log_emp_change,PC1,-0.7037873321550399,0.40656801877700655,1232,u_t,2016-01,2020-08,occupation_group × month
test_2020-12,2020-12,L,employment_share,PC1,-0.09605028520268608,0.40656801877700655,1232,u_t,2016-01,2020-08,occupation_group × month
test_2021-01,2021-01,L,u_t,PC1,0.702566530564899,0.4025188435124215,1254,u_t,2016-01,2020-09,occupation_group × month
test_2021-01,2021-01,L,log_emp_change,PC1,-0.7038180404873083,0.4025188435124215,1254,u_t,2016-01,2020-09,occupation_group × month
test_2021-01,2021-01,L,employment_share,PC1,-0.10507347912107094,0.4025188435124215,1254,u_t,2016-01,2020-09,occupation_group × month
test_2021-02,2021-02,L,u_t,PC1,0.7032234127810885,0.399499851883494,1276,u_t,2016-01,2020-10,occupation_group × month
test_2021-02,2021-02,L,log_emp_change,PC1,-0.7043534363271822,0.399499851883494,1276,u_t,2016-01,2020-10,occupation_group × month
test_2021-02,2021-02,L,employment_share,PC1,-0.09676294978248993,0.399499851883494,1276,u_t,2016-01,2020-10,occupation_group × month
test_2021-03,2021-03,L,u_t,PC1,0.7014286856992852,0.40078925234235546,1298,u_t,2016-01,2020-11,occupation_group × month
test_2021-03,2021-03,L,log_emp_change,PC1,-0.7036916132996622,0.40078925234235546,1298,u_t,2016-01,2020-11,occupation_group × month
test_2021-03,2021-03,L,employment_share,PC1,-0.11320738602181561,0.40078925234235546,1298,u_t,2016-01,2020-11,occupation_group × month
test_2021-04,2021-04,L,u_t,PC1,0.7010230835694263,0.40267364053824944,1320,u_t,2016-01,2020-12,occupation_group × month
test_2021-04,2021-04,L,log_emp_change,PC1,-0.7028638427098093,0.40267364053824944,1320,u_t,2016-01,2020-12,occupation_group × month
test_2021-04,2021-04,L,employment_share,PC1,-0.12061946324708256,0.40267364053824944,1320,u_t,2016-01,2020-12,occupation_group × month
test_2021-05,2021-05,L,u_t,PC1,0.6993000185175424,0.40217719854020134,1342,u_t,2016-01,2021-01,occupation_group × month
test_2021-05,2021-05,L,log_emp_change,PC1,-0.7014663597815629,0.40217719854020134,1342,u_t,2016-01,2021-01,occupation_group × month
test_2021-05,2021-05,L,employment_share,PC1,-0.1375660939191306,0.40217719854020134,1342,u_t,2016-01,2021-01,occupation_group × month
test_2021-06,2021-06,L,u_t,PC1,0.6997375490566629,0.401177862981074,1364,u_t,2016-01,2021-02,occupation_group × month
test_2021-06,2021-06,L,log_emp_change,PC1,-0.7006956067500428,0.401177862981074,1364,u_t,2016-01,2021-02,occupation_group × month
test_2021-06,2021-06,L,employment_share,PC1,-0.13925885652756162,0.401177862981074,1364,u_t,2016-01,2021-02,occupation_group × month
test_2021-07,2021-07,L,u_t,PC1,0.700705073800976,0.3988908294821973,1386,u_t,2016-01,2021-03,occupation_group × month
test_2021-07,2021-07,L,log_emp_change,PC1,-0.7006724268953245,0.3988908294821973,1386,u_t,2016-01,2021-03,occupation_group × month
test_2021-07,2021-07,L,employment_share,PC1,-0.13442674487684883,0.3988908294821973,1386,u_t,2016-01,2021-03,occupation_group × month
test_2021-08,2021-08,L,u_t,PC1,0.7014167140369498,0.3969344372548664,1408,u_t,2016-01,2021-04,occupation_group × month
test_2021-08,2021-08,L,log_emp_change,PC1,-0.7002069534824888,0.3969344372548664,1408,u_t,2016-01,2021-04,occupation_group × month
test_2021-08,2021-08,L,employment_share,PC1,-0.1331345768926304,0.3969344372548664,1408,u_t,2016-01,2021-04,occupation_group × month
test_2021-09,2021-09,L,u_t,PC1,0.7018038682161707,0.39621529214486634,1430,u_t,2016-01,2021-05,occupation_group × month
test_2021-09,2021-09,L,log_emp_change,PC1,-0.7000830431410886,0.39621529214486634,1430,u_t,2016-01,2021-05,occupation_group × month
test_2021-09,2021-09,L,employment_share,PC1,-0.13173861720517713,0.39621529214486634,1430,u_t,2016-01,2021-05,occupation_group × month
test_2021-10,2021-10,L,u_t,PC1,0.702358640925238,0.3945056778312603,1452,u_t,2016-01,2021-06,occupation_group × month
test_2021-10,2021-10,L,log_emp_change,PC1,-0.6998639742119865,0.3945056778312603,1452,u_t,2016-01,2021-06,occupation_group × month
test_2021-10,2021-10,L,employment_share,PC1,-0.1299336642978132,0.3945056778312603,1452,u_t,2016-01,2021-06,occupation_group × month
test_2021-11,2021-11,L,u_t,PC1,0.7031686997458129,0.39397819762653863,1474,u_t,2016-01,2021-07,occupation_group × month
test_2021-11,2021-11,L,log_emp_change,PC1,-0.7002816699944858,0.39397819762653863,1474,u_t,2016-01,2021-07,occupation_group × month
test_2021-11,2021-11,L,employment_share,PC1,-0.1231233623952695,0.39397819762653863,1474,u_t,2016-01,2021-07,occupation_group × month
test_2021-12,2021-12,L,u_t,PC1,0.7021473215963429,0.3938701712751166,1496,u_t,2016-01,2021-08,occupation_group × month
test_2021-12,2021-12,L,log_emp_change,PC1,-0.7004124768831054,0.3938701712751166,1496,u_t,2016-01,2021-08,occupation_group × month
test_2021-12,2021-12,L,employment_share,PC1,-0.12810738074582476,0.3938701712751166,1496,u_t,2016-01,2021-08,occupation_group × month
test_2022-01,2022-01,L,u_t,PC1,0.7028441276276813,0.39422652303041966,1518,u_t,2016-01,2021-09,occupation_group × month
test_2022-01,2022-01,L,log_emp_change,PC1,-0.7008531132908581,0.39422652303041966,1518,u_t,2016-01,2021-09,occupation_group × month
test_2022-01,2022-01,L,employment_share,PC1,-0.1217170729593692,0.39422652303041966,1518,u_t,2016-01,2021-09,occupation_group × month
test_2022-02,2022-02,L,u_t,PC1,0.7029438912913811,0.39345879407934664,1540,u_t,2016-01,2021-10,occupation_group × month
test_2022-02,2022-02,L,log_emp_change,PC1,-0.7010609801657752,0.39345879407934664,1540,u_t,2016-01,2021-10,occupation_group × month
test_2022-02,2022-02,L,employment_share,PC1,-0.11993076246373885,0.39345879407934664,1540,u_t,2016-01,2021-10,occupation_group × month
test_2022-03,2022-03,L,u_t,PC1,0.6992873025318281,0.39397810487544316,1562,u_t,2016-01,2021-11,occupation_group × month
test_2022-03,2022-03,L,log_emp_change,PC1,-0.6998729655457516,0.39397810487544316,1562,u_t,2016-01,2021-11,occupation_group × month
test_2022-03,2022-03,L,employment_share,PC1,-0.14551666782865164,0.39397810487544316,1562,u_t,2016-01,2021-11,occupation_group × month
test_2022-04,2022-04,L,u_t,PC1,0.7001497702018467,0.39336703953261176,1584,u_t,2016-01,2021-12,occupation_group × month
test_2022-04,2022-04,L,log_emp_change,PC1,-0.6993494166235779,0.39336703953261176,1584,u_t,2016-01,2021-12,occupation_group × month
test_2022-04,2022-04,L,employment_share,PC1,-0.14387735316776798,0.39336703953261176,1584,u_t,2016-01,2021-12,occupation_group × month
test_2022-05,2022-05,L,u_t,PC1,0.6984319775098707,0.3942136841637906,1606,u_t,2016-01,2022-01,occupation_group × month
test_2022-05,2022-05,L,log_emp_change,PC1,-0.6983749723973965,0.3942136841637906,1606,u_t,2016-01,2022-01,occupation_group × month
test_2022-05,2022-05,L,employment_share,PC1,-0.15641346080368856,0.3942136841637906,1606,u_t,2016-01,2022-01,occupation_group × month
test_2022-06,2022-06,L,u_t,PC1,0.6991155256692633,0.393945350330559,1628,u_t,2016-01,2022-02,occupation_group × month
test_2022-06,2022-06,L,log_emp_change,PC1,-0.6979383750925926,0.393945350330559,1628,u_t,2016-01,2022-02,occupation_group × month
test_2022-06,2022-06,L,employment_share,PC1,-0.15530455995012282,0.393945350330559,1628,u_t,2016-01,2022-02,occupation_group × month
test_2022-07,2022-07,L,u_t,PC1,0.7004716415334284,0.3935712533784224,1650,u_t,2016-01,2022-03,occupation_group × month
test_2022-07,2022-07,L,log_emp_change,PC1,-0.6984615305447472,0.3935712533784224,1650,u_t,2016-01,2022-03,occupation_group × month
test_2022-07,2022-07,L,employment_share,PC1,-0.1465979868775606,0.3935712533784224,1650,u_t,2016-01,2022-03,occupation_group × month
test_2022-08,2022-08,L,u_t,PC1,0.698466559363191,0.39271985121950276,1672,u_t,2016-01,2022-04,occupation_group × month
test_2022-08,2022-08,L,log_emp_change,PC1,-0.6979331978862181,0.39271985121950276,1672,u_t,2016-01,2022-04,occupation_group × month
test_2022-08,2022-08,L,employment_share,PC1,-0.15822046877589174,0.39271985121950276,1672,u_t,2016-01,2022-04,occupation_group × month
test_2022-09,2022-09,L,u_t,PC1,0.7014417371079202,0.39236450581793436,1694,u_t,2016-01,2022-05,occupation_group × month
test_2022-09,2022-09,L,log_emp_change,PC1,-0.6992614989086349,0.39236450581793436,1694,u_t,2016-01,2022-05,occupation_group × month
test_2022-09,2022-09,L,employment_share,PC1,-0.1378870754895921,0.39236450581793436,1694,u_t,2016-01,2022-05,occupation_group × month
test_2022-10,2022-10,L,u_t,PC1,0.7026474594171515,0.3920240452055941,1716,u_t,2016-01,2022-06,occupation_group × month
test_2022-10,2022-10,L,log_emp_change,PC1,-0.6998678169526181,0.3920240452055941,1716,u_t,2016-01,2022-06,occupation_group × month
test_2022-10,2022-10,L,employment_share,PC1,-0.1283416790002354,0.3920240452055941,1716,u_t,2016-01,2022-06,occupation_group × month
test_2022-11,2022-11,L,u_t,PC1,0.7032814628292365,0.39215384756371036,1738,u_t,2016-01,2022-07,occupation_group × month
test_2022-11,2022-11,L,log_emp_change,PC1,-0.7004989851001794,0.39215384756371036,1738,u_t,2016-01,2022-07,occupation_group × month
test_2022-11,2022-11,L,employment_share,PC1,-0.12122852764258041,0.39215384756371036,1738,u_t,2016-01,2022-07,occupation_group × month
test_2022-12,2022-12,L,u_t,PC1,0.7019245539223228,0.3922744577221906,1760,u_t,2016-01,2022-08,occupation_group × month
test_2022-12,2022-12,L,log_emp_change,PC1,-0.7001190362412837,0.3922744577221906,1760,u_t,2016-01,2022-08,occupation_group × month
test_2022-12,2022-12,L,employment_share,PC1,-0.13090170240880952,0.3922744577221906,1760,u_t,2016-01,2022-08,occupation_group × month
test_2023-01,2023-01,L,u_t,PC1,0.7012923368162892,0.3920626791612606,1782,u_t,2016-01,2022-09,occupation_group × month
test_2023-01,2023-01,L,log_emp_change,PC1,-0.7002929629333341,0.3920626791612606,1782,u_t,2016-01,2022-09,occupation_group × month
test_2023-01,2023-01,L,employment_share,PC1,-0.13333725806690586,0.3920626791612606,1782,u_t,2016-01,2022-09,occupation_group × month
test_2023-02,2023-02,L,u_t,PC1,0.7030427498921149,0.3920731272225725,1804,u_t,2016-01,2022-10,occupation_group × month
test_2023-02,2023-02,L,log_emp_change,PC1,-0.7010718680842184,0.3920731272225725,1804,u_t,2016-01,2022-10,occupation_group × month
test_2023-02,2023-02,L,employment_share,PC1,-0.11928590698417661,0.3920731272225725,1804,u_t,2016-01,2022-10,occupation_group × month
test_2023-03,2023-03,L,u_t,PC1,0.7016779965441728,0.39172672178008344,1826,u_t,2016-01,2022-11,occupation_group × month
test_2023-03,2023-03,L,log_emp_change,PC1,-0.7003400464157166,0.39172672178008344,1826,u_t,2016-01,2022-11,occupation_group × month
test_2023-03,2023-03,L,employment_share,PC1,-0.13104124752225246,0.39172672178008344,1826,u_t,2016-01,2022-11,occupation_group × month
test_2023-03,2023-03,S,share_age_16_24,PC1,-0.4083107076251003,0.6365502535270227,66,share_age_25_54,2018,2021,occupation_group × source_year
test_2023-03,2023-03,S,share_age_25_54,PC1,0.4331529125045798,0.6365502535270227,66,share_age_25_54,2018,2021,occupation_group × source_year
test_2023-03,2023-03,S,share_education_less_than_high_school,PC1,-0.39765001958074214,0.6365502535270227,66,share_age_25_54,2018,2021,occupation_group × source_year
test_2023-03,2023-03,S,share_education_high_school_or_equivalent,PC1,-0.4606163121589793,0.6365502535270227,66,share_age_25_54,2018,2021,occupation_group × source_year
test_2023-03,2023-03,S,share_education_some_college_or_associate,PC1,-0.2798320921399379,0.6365502535270227,66,share_age_25_54,2018,2021,occupation_group × source_year
test_2023-03,2023-03,S,share_education_bachelors,PC1,0.44391665381755163,0.6365502535270227,66,share_age_25_54,2018,2021,occupation_group × source_year
test_2023-04,2023-04,L,u_t,PC1,0.7010014849792887,0.39147899903901856,1848,u_t,2016-01,2022-12,occupation_group × month
test_2023-04,2023-04,L,log_emp_change,PC1,-0.6996157641311352,0.39147899903901856,1848,u_t,2016-01,2022-12,occupation_group × month
test_2023-04,2023-04,L,employment_share,PC1,-0.13832823513671835,0.39147899903901856,1848,u_t,2016-01,2022-12,occupation_group × month
test_2023-04,2023-04,S,share_age_16_24,PC1,-0.4083107076251003,0.6365502535270227,66,share_age_25_54,2018,2021,occupation_group × source_year
test_2023-04,2023-04,S,share_age_25_54,PC1,0.4331529125045798,0.6365502535270227,66,share_age_25_54,2018,2021,occupation_group × source_year
test_2023-04,2023-04,S,share_education_less_than_high_school,PC1,-0.39765001958074214,0.6365502535270227,66,share_age_25_54,2018,2021,occupation_group × source_year
test_2023-04,2023-04,S,share_education_high_school_or_equivalent,PC1,-0.4606163121589793,0.6365502535270227,66,share_age_25_54,2018,2021,occupation_group × source_year
test_2023-04,2023-04,S,share_education_some_college_or_associate,PC1,-0.2798320921399379,0.6365502535270227,66,share_age_25_54,2018,2021,occupation_group × source_year
test_2023-04,2023-04,S,share_education_bachelors,PC1,0.44391665381755163,0.6365502535270227,66,share_age_25_54,2018,2021,occupation_group × source_year
test_2023-05,2023-05,L,u_t,PC1,0.6989194369350915,0.3915504462404589,1870,u_t,2016-01,2023-01,occupation_group × month
test_2023-05,2023-05,L,log_emp_change,PC1,-0.698622941154821,0.3915504462404589,1870,u_t,2016-01,2023-01,occupation_group × month
test_2023-05,2023-05,L,employment_share,PC1,-0.15309345762155097,0.3915504462404589,1870,u_t,2016-01,2023-01,occupation_group × month
test_2023-05,2023-05,S,share_age_16_24,PC1,-0.4083107076251003,0.6365502535270227,66,share_age_25_54,2018,2021,occupation_group × source_year
test_2023-05,2023-05,S,share_age_25_54,PC1,0.4331529125045798,0.6365502535270227,66,share_age_25_54,2018,2021,occupation_group × source_year
test_2023-05,2023-05,S,share_education_less_than_high_school,PC1,-0.39765001958074214,0.6365502535270227,66,share_age_25_54,2018,2021,occupation_group × source_year
test_2023-05,2023-05,S,share_education_high_school_or_equivalent,PC1,-0.4606163121589793,0.6365502535270227,66,share_age_25_54,2018,2021,occupation_group × source_year
test_2023-05,2023-05,S,share_education_some_college_or_associate,PC1,-0.2798320921399379,0.6365502535270227,66,share_age_25_54,2018,2021,occupation_group × source_year
test_2023-05,2023-05,S,share_education_bachelors,PC1,0.44391665381755163,0.6365502535270227,66,share_age_25_54,2018,2021,occupation_group × source_year
test_2023-06,2023-06,L,u_t,PC1,0.7000995900313673,0.39155153195101594,1892,u_t,2016-01,2023-02,occupation_group × month
test_2023-06,2023-06,L,log_emp_change,PC1,-0.6990712920999275,0.39155153195101594,1892,u_t,2016-01,2023-02,occupation_group × month
test_2023-06,2023-06,L,employment_share,PC1,-0.1454644032045267,0.39155153195101594,1892,u_t,2016-01,2023-02,occupation_group × month
test_2023-06,2023-06,S,share_age_16_24,PC1,-0.4083107076251003,0.6365502535270227,66,share_age_25_54,2018,2021,occupation_group × source_year
test_2023-06,2023-06,S,share_age_25_54,PC1,0.4331529125045798,0.6365502535270227,66,share_age_25_54,2018,2021,occupation_group × source_year
test_2023-06,2023-06,S,share_education_less_than_high_school,PC1,-0.39765001958074214,0.6365502535270227,66,share_age_25_54,2018,2021,occupation_group × source_year
test_2023-06,2023-06,S,share_education_high_school_or_equivalent,PC1,-0.4606163121589793,0.6365502535270227,66,share_age_25_54,2018,2021,occupation_group × source_year
test_2023-06,2023-06,S,share_education_some_college_or_associate,PC1,-0.2798320921399379,0.6365502535270227,66,share_age_25_54,2018,2021,occupation_group × source_year
test_2023-06,2023-06,S,share_education_bachelors,PC1,0.44391665381755163,0.6365502535270227,66,share_age_25_54,2018,2021,occupation_group × source_year
test_2023-07,2023-07,L,u_t,PC1,0.6977192834186093,0.3918645630776584,1914,u_t,2016-01,2023-03,occupation_group × month
test_2023-07,2023-07,L,log_emp_change,PC1,-0.6984141104461736,0.3918645630776584,1914,u_t,2016-01,2023-03,occupation_group × month
test_2023-07,2023-07,L,employment_share,PC1,-0.1593911285972406,0.3918645630776584,1914,u_t,2016-01,2023-03,occupation_group × month
test_2023-07,2023-07,S,share_age_16_24,PC1,-0.4083107076251003,0.6365502535270227,66,share_age_25_54,2018,2021,occupation_group × source_year
test_2023-07,2023-07,S,share_age_25_54,PC1,0.4331529125045798,0.6365502535270227,66,share_age_25_54,2018,2021,occupation_group × source_year
test_2023-07,2023-07,S,share_education_less_than_high_school,PC1,-0.39765001958074214,0.6365502535270227,66,share_age_25_54,2018,2021,occupation_group × source_year
test_2023-07,2023-07,S,share_education_high_school_or_equivalent,PC1,-0.4606163121589793,0.6365502535270227,66,share_age_25_54,2018,2021,occupation_group × source_year
test_2023-07,2023-07,S,share_education_some_college_or_associate,PC1,-0.2798320921399379,0.6365502535270227,66,share_age_25_54,2018,2021,occupation_group × source_year
test_2023-07,2023-07,S,share_education_bachelors,PC1,0.44391665381755163,0.6365502535270227,66,share_age_25_54,2018,2021,occupation_group × source_year
test_2023-08,2023-08,L,u_t,PC1,0.6992440842165192,0.39107676999396046,1936,u_t,2016-01,2023-04,occupation_group × month
test_2023-08,2023-08,L,log_emp_change,PC1,-0.6987145985824988,0.39107676999396046,1936,u_t,2016-01,2023-04,occupation_group × month
test_2023-08,2023-08,L,employment_share,PC1,-0.15118075411870238,0.39107676999396046,1936,u_t,2016-01,2023-04,occupation_group × month
test_2023-08,2023-08,S,share_age_16_24,PC1,-0.4083107076251003,0.6365502535270227,66,share_age_25_54,2018,2021,occupation_group × source_year
test_2023-08,2023-08,S,share_age_25_54,PC1,0.4331529125045798,0.6365502535270227,66,share_age_25_54,2018,2021,occupation_group × source_year
test_2023-08,2023-08,S,share_education_less_than_high_school,PC1,-0.39765001958074214,0.6365502535270227,66,share_age_25_54,2018,2021,occupation_group × source_year
test_2023-08,2023-08,S,share_education_high_school_or_equivalent,PC1,-0.4606163121589793,0.6365502535270227,66,share_age_25_54,2018,2021,occupation_group × source_year
test_2023-08,2023-08,S,share_education_some_college_or_associate,PC1,-0.2798320921399379,0.6365502535270227,66,share_age_25_54,2018,2021,occupation_group × source_year
test_2023-08,2023-08,S,share_education_bachelors,PC1,0.44391665381755163,0.6365502535270227,66,share_age_25_54,2018,2021,occupation_group × source_year
test_2023-09,2023-09,L,u_t,PC1,0.7011294907619499,0.3905248665679776,1958,u_t,2016-01,2023-05,occupation_group × month
test_2023-09,2023-09,L,log_emp_change,PC1,-0.6995527524255569,0.3905248665679776,1958,u_t,2016-01,2023-05,occupation_group × month
test_2023-09,2023-09,L,employment_share,PC1,-0.13799776722004067,0.3905248665679776,1958,u_t,2016-01,2023-05,occupation_group × month
test_2023-09,2023-09,S,share_age_16_24,PC1,-0.4083107076251003,0.6365502535270227,66,share_age_25_54,2018,2021,occupation_group × source_year
test_2023-09,2023-09,S,share_age_25_54,PC1,0.4331529125045798,0.6365502535270227,66,share_age_25_54,2018,2021,occupation_group × source_year
test_2023-09,2023-09,S,share_education_less_than_high_school,PC1,-0.39765001958074214,0.6365502535270227,66,share_age_25_54,2018,2021,occupation_group × source_year
test_2023-09,2023-09,S,share_education_high_school_or_equivalent,PC1,-0.4606163121589793,0.6365502535270227,66,share_age_25_54,2018,2021,occupation_group × source_year
test_2023-09,2023-09,S,share_education_some_college_or_associate,PC1,-0.2798320921399379,0.6365502535270227,66,share_age_25_54,2018,2021,occupation_group × source_year
test_2023-09,2023-09,S,share_education_bachelors,PC1,0.44391665381755163,0.6365502535270227,66,share_age_25_54,2018,2021,occupation_group × source_year
test_2023-10,2023-10,L,u_t,PC1,0.7020191065209493,0.39002201325228825,1980,u_t,2016-01,2023-06,occupation_group × month
test_2023-10,2023-10,L,log_emp_change,PC1,-0.6999976594021371,0.39002201325228825,1980,u_t,2016-01,2023-06,occupation_group × month
test_2023-10,2023-10,L,employment_share,PC1,-0.13104369847901018,0.39002201325228825,1980,u_t,2016-01,2023-06,occupation_group × month
test_2023-10,2023-10,S,share_age_16_24,PC1,-0.4083107076251003,0.6365502535270227,66,share_age_25_54,2018,2021,occupation_group × source_year
test_2023-10,2023-10,S,share_age_25_54,PC1,0.4331529125045798,0.6365502535270227,66,share_age_25_54,2018,2021,occupation_group × source_year
test_2023-10,2023-10,S,share_education_less_than_high_school,PC1,-0.39765001958074214,0.6365502535270227,66,share_age_25_54,2018,2021,occupation_group × source_year
test_2023-10,2023-10,S,share_education_high_school_or_equivalent,PC1,-0.4606163121589793,0.6365502535270227,66,share_age_25_54,2018,2021,occupation_group × source_year
test_2023-10,2023-10,S,share_education_some_college_or_associate,PC1,-0.2798320921399379,0.6365502535270227,66,share_age_25_54,2018,2021,occupation_group × source_year
test_2023-10,2023-10,S,share_education_bachelors,PC1,0.44391665381755163,0.6365502535270227,66,share_age_25_54,2018,2021,occupation_group × source_year
test_2023-11,2023-11,L,u_t,PC1,0.7044965130010551,0.39033859087532147,2002,u_t,2016-01,2023-07,occupation_group × month
test_2023-11,2023-11,L,log_emp_change,PC1,-0.7015375777925356,0.39033859087532147,2002,u_t,2016-01,2023-07,occupation_group × month
test_2023-11,2023-11,L,employment_share,PC1,-0.10737639458622018,0.39033859087532147,2002,u_t,2016-01,2023-07,occupation_group × month
test_2023-11,2023-11,S,share_age_16_24,PC1,-0.4083107076251003,0.6365502535270227,66,share_age_25_54,2018,2021,occupation_group × source_year
test_2023-11,2023-11,S,share_age_25_54,PC1,0.4331529125045798,0.6365502535270227,66,share_age_25_54,2018,2021,occupation_group × source_year
test_2023-11,2023-11,S,share_education_less_than_high_school,PC1,-0.39765001958074214,0.6365502535270227,66,share_age_25_54,2018,2021,occupation_group × source_year
test_2023-11,2023-11,S,share_education_high_school_or_equivalent,PC1,-0.4606163121589793,0.6365502535270227,66,share_age_25_54,2018,2021,occupation_group × source_year
test_2023-11,2023-11,S,share_education_some_college_or_associate,PC1,-0.2798320921399379,0.6365502535270227,66,share_age_25_54,2018,2021,occupation_group × source_year
test_2023-11,2023-11,S,share_education_bachelors,PC1,0.44391665381755163,0.6365502535270227,66,share_age_25_54,2018,2021,occupation_group × source_year
test_2023-12,2023-12,L,u_t,PC1,0.7031526589376245,0.389935453923962,2024,u_t,2016-01,2023-08,occupation_group × month
test_2023-12,2023-12,L,log_emp_change,PC1,-0.7010705359845273,0.389935453923962,2024,u_t,2016-01,2023-08,occupation_group × month
test_2023-12,2023-12,L,employment_share,PC1,-0.11864418149794069,0.389935453923962,2024,u_t,2016-01,2023-08,occupation_group × month
test_2023-12,2023-12,S,share_age_16_24,PC1,-0.4083107076251003,0.6365502535270227,66,share_age_25_54,2018,2021,occupation_group × source_year
test_2023-12,2023-12,S,share_age_25_54,PC1,0.4331529125045798,0.6365502535270227,66,share_age_25_54,2018,2021,occupation_group × source_year
test_2023-12,2023-12,S,share_education_less_than_high_school,PC1,-0.39765001958074214,0.6365502535270227,66,share_age_25_54,2018,2021,occupation_group × source_year
test_2023-12,2023-12,S,share_education_high_school_or_equivalent,PC1,-0.4606163121589793,0.6365502535270227,66,share_age_25_54,2018,2021,occupation_group × source_year
test_2023-12,2023-12,S,share_education_some_college_or_associate,PC1,-0.2798320921399379,0.6365502535270227,66,share_age_25_54,2018,2021,occupation_group × source_year
test_2023-12,2023-12,S,share_education_bachelors,PC1,0.44391665381755163,0.6365502535270227,66,share_age_25_54,2018,2021,occupation_group × source_year
test_2024-01,2024-01,L,u_t,PC1,0.7026500320623447,0.3899733989698965,2046,u_t,2016-01,2023-09,occupation_group × month
test_2024-01,2024-01,L,log_emp_change,PC1,-0.7012508247799328,0.3899733989698965,2046,u_t,2016-01,2023-09,occupation_group × month
test_2024-01,2024-01,L,employment_share,PC1,-0.12054133394089145,0.3899733989698965,2046,u_t,2016-01,2023-09,occupation_group × month
test_2024-01,2024-01,S,share_age_16_24,PC1,-0.4083107076251003,0.6365502535270227,66,share_age_25_54,2018,2021,occupation_group × source_year
test_2024-01,2024-01,S,share_age_25_54,PC1,0.4331529125045798,0.6365502535270227,66,share_age_25_54,2018,2021,occupation_group × source_year
test_2024-01,2024-01,S,share_education_less_than_high_school,PC1,-0.39765001958074214,0.6365502535270227,66,share_age_25_54,2018,2021,occupation_group × source_year
test_2024-01,2024-01,S,share_education_high_school_or_equivalent,PC1,-0.4606163121589793,0.6365502535270227,66,share_age_25_54,2018,2021,occupation_group × source_year
test_2024-01,2024-01,S,share_education_some_college_or_associate,PC1,-0.2798320921399379,0.6365502535270227,66,share_age_25_54,2018,2021,occupation_group × source_year
test_2024-01,2024-01,S,share_education_bachelors,PC1,0.44391665381755163,0.6365502535270227,66,share_age_25_54,2018,2021,occupation_group × source_year
test_2024-02,2024-02,L,u_t,PC1,0.7027364926170567,0.3906119527878325,2068,u_t,2016-01,2023-10,occupation_group × month
test_2024-02,2024-02,L,log_emp_change,PC1,-0.7009047692229298,0.3906119527878325,2068,u_t,2016-01,2023-10,occupation_group × month
test_2024-02,2024-02,L,employment_share,PC1,-0.12204067528832029,0.3906119527878325,2068,u_t,2016-01,2023-10,occupation_group × month
test_2024-02,2024-02,S,share_age_16_24,PC1,-0.4083107076251003,0.6365502535270227,66,share_age_25_54,2018,2021,occupation_group × source_year
test_2024-02,2024-02,S,share_age_25_54,PC1,0.4331529125045798,0.6365502535270227,66,share_age_25_54,2018,2021,occupation_group × source_year
test_2024-02,2024-02,S,share_education_less_than_high_school,PC1,-0.39765001958074214,0.6365502535270227,66,share_age_25_54,2018,2021,occupation_group × source_year
test_2024-02,2024-02,S,share_education_high_school_or_equivalent,PC1,-0.4606163121589793,0.6365502535270227,66,share_age_25_54,2018,2021,occupation_group × source_year
test_2024-02,2024-02,S,share_education_some_college_or_associate,PC1,-0.2798320921399379,0.6365502535270227,66,share_age_25_54,2018,2021,occupation_group × source_year
test_2024-02,2024-02,S,share_education_bachelors,PC1,0.44391665381755163,0.6365502535270227,66,share_age_25_54,2018,2021,occupation_group × source_year
test_2024-03,2024-03,L,u_t,PC1,0.7011697504391836,0.3893921596208124,2090,u_t,2016-01,2023-11,occupation_group × month
test_2024-03,2024-03,L,log_emp_change,PC1,-0.6999876318604177,0.3893921596208124,2090,u_t,2016-01,2023-11,occupation_group × month
test_2024-03,2024-03,L,employment_share,PC1,-0.1355665752001466,0.3893921596208124,2090,u_t,2016-01,2023-11,occupation_group × month
test_2024-03,2024-03,S,share_age_16_24,PC1,-0.40692775946720666,0.6406248210572784,88,share_age_25_54,2018,2022,occupation_group × source_year
test_2024-03,2024-03,S,share_age_25_54,PC1,0.43427794725848573,0.6406248210572784,88,share_age_25_54,2018,2022,occupation_group × source_year
test_2024-03,2024-03,S,share_education_less_than_high_school,PC1,-0.3971323060625576,0.6406248210572784,88,share_age_25_54,2018,2022,occupation_group × source_year
test_2024-03,2024-03,S,share_education_high_school_or_equivalent,PC1,-0.460786227321905,0.6406248210572784,88,share_age_25_54,2018,2022,occupation_group × source_year
test_2024-03,2024-03,S,share_education_some_college_or_associate,PC1,-0.28166898811862845,0.6406248210572784,88,share_age_25_54,2018,2022,occupation_group × source_year
test_2024-03,2024-03,S,share_education_bachelors,PC1,0.4432121708889143,0.6406248210572784,88,share_age_25_54,2018,2022,occupation_group × source_year
test_2024-04,2024-04,L,u_t,PC1,0.7009970270341367,0.3895981342226887,2112,u_t,2016-01,2023-12,occupation_group × month
test_2024-04,2024-04,L,log_emp_change,PC1,-0.6997120564611439,0.3895981342226887,2112,u_t,2016-01,2023-12,occupation_group × month
test_2024-04,2024-04,L,employment_share,PC1,-0.1378629976905317,0.3895981342226887,2112,u_t,2016-01,2023-12,occupation_group × month
test_2024-04,2024-04,S,share_age_16_24,PC1,-0.40692775946720666,0.6406248210572784,88,share_age_25_54,2018,2022,occupation_group × source_year
test_2024-04,2024-04,S,share_age_25_54,PC1,0.43427794725848573,0.6406248210572784,88,share_age_25_54,2018,2022,occupation_group × source_year
test_2024-04,2024-04,S,share_education_less_than_high_school,PC1,-0.3971323060625576,0.6406248210572784,88,share_age_25_54,2018,2022,occupation_group × source_year
test_2024-04,2024-04,S,share_education_high_school_or_equivalent,PC1,-0.460786227321905,0.6406248210572784,88,share_age_25_54,2018,2022,occupation_group × source_year
test_2024-04,2024-04,S,share_education_some_college_or_associate,PC1,-0.28166898811862845,0.6406248210572784,88,share_age_25_54,2018,2022,occupation_group × source_year
test_2024-04,2024-04,S,share_education_bachelors,PC1,0.4432121708889143,0.6406248210572784,88,share_age_25_54,2018,2022,occupation_group × source_year
test_2024-05,2024-05,L,u_t,PC1,0.6997013774699999,0.3903309404779856,2134,u_t,2016-01,2024-01,occupation_group × month
test_2024-05,2024-05,L,log_emp_change,PC1,-0.6985962909585066,0.3903309404779856,2134,u_t,2016-01,2024-01,occupation_group × month
test_2024-05,2024-05,L,employment_share,PC1,-0.14960349135498896,0.3903309404779856,2134,u_t,2016-01,2024-01,occupation_group × month
test_2024-05,2024-05,S,share_age_16_24,PC1,-0.40692775946720666,0.6406248210572784,88,share_age_25_54,2018,2022,occupation_group × source_year
test_2024-05,2024-05,S,share_age_25_54,PC1,0.43427794725848573,0.6406248210572784,88,share_age_25_54,2018,2022,occupation_group × source_year
test_2024-05,2024-05,S,share_education_less_than_high_school,PC1,-0.3971323060625576,0.6406248210572784,88,share_age_25_54,2018,2022,occupation_group × source_year
test_2024-05,2024-05,S,share_education_high_school_or_equivalent,PC1,-0.460786227321905,0.6406248210572784,88,share_age_25_54,2018,2022,occupation_group × source_year
test_2024-05,2024-05,S,share_education_some_college_or_associate,PC1,-0.28166898811862845,0.6406248210572784,88,share_age_25_54,2018,2022,occupation_group × source_year
test_2024-05,2024-05,S,share_education_bachelors,PC1,0.4432121708889143,0.6406248210572784,88,share_age_25_54,2018,2022,occupation_group × source_year
test_2024-06,2024-06,L,u_t,PC1,0.6995861450300124,0.3887227405970474,2156,u_t,2016-01,2024-02,occupation_group × month
test_2024-06,2024-06,L,log_emp_change,PC1,-0.6978111609856674,0.3887227405970474,2156,u_t,2016-01,2024-02,occupation_group × month
test_2024-06,2024-06,L,employment_share,PC1,-0.15374917653724796,0.3887227405970474,2156,u_t,2016-01,2024-02,occupation_group × month
test_2024-06,2024-06,S,share_age_16_24,PC1,-0.40692775946720666,0.6406248210572784,88,share_age_25_54,2018,2022,occupation_group × source_year
test_2024-06,2024-06,S,share_age_25_54,PC1,0.43427794725848573,0.6406248210572784,88,share_age_25_54,2018,2022,occupation_group × source_year
test_2024-06,2024-06,S,share_education_less_than_high_school,PC1,-0.3971323060625576,0.6406248210572784,88,share_age_25_54,2018,2022,occupation_group × source_year
test_2024-06,2024-06,S,share_education_high_school_or_equivalent,PC1,-0.460786227321905,0.6406248210572784,88,share_age_25_54,2018,2022,occupation_group × source_year
test_2024-06,2024-06,S,share_education_some_college_or_associate,PC1,-0.28166898811862845,0.6406248210572784,88,share_age_25_54,2018,2022,occupation_group × source_year
test_2024-06,2024-06,S,share_education_bachelors,PC1,0.4432121708889143,0.6406248210572784,88,share_age_25_54,2018,2022,occupation_group × source_year
test_2024-07,2024-07,L,u_t,PC1,0.697820072124825,0.3894604608182273,2178,u_t,2016-01,2024-03,occupation_group × month
test_2024-07,2024-07,L,log_emp_change,PC1,-0.696882778247693,0.3894604608182273,2178,u_t,2016-01,2024-03,occupation_group × month
test_2024-07,2024-07,L,employment_share,PC1,-0.1655341062182682,0.3894604608182273,2178,u_t,2016-01,2024-03,occupation_group × month
test_2024-07,2024-07,S,share_age_16_24,PC1,-0.40692775946720666,0.6406248210572784,88,share_age_25_54,2018,2022,occupation_group × source_year
test_2024-07,2024-07,S,share_age_25_54,PC1,0.43427794725848573,0.6406248210572784,88,share_age_25_54,2018,2022,occupation_group × source_year
test_2024-07,2024-07,S,share_education_less_than_high_school,PC1,-0.3971323060625576,0.6406248210572784,88,share_age_25_54,2018,2022,occupation_group × source_year
test_2024-07,2024-07,S,share_education_high_school_or_equivalent,PC1,-0.460786227321905,0.6406248210572784,88,share_age_25_54,2018,2022,occupation_group × source_year
test_2024-07,2024-07,S,share_education_some_college_or_associate,PC1,-0.28166898811862845,0.6406248210572784,88,share_age_25_54,2018,2022,occupation_group × source_year
test_2024-07,2024-07,S,share_education_bachelors,PC1,0.4432121708889143,0.6406248210572784,88,share_age_25_54,2018,2022,occupation_group × source_year
test_2024-08,2024-08,L,u_t,PC1,0.698822932939489,0.3896587519631357,2200,u_t,2016-01,2024-04,occupation_group × month
test_2024-08,2024-08,L,log_emp_change,PC1,-0.697375914704829,0.3896587519631357,2200,u_t,2016-01,2024-04,occupation_group × month
test_2024-08,2024-08,L,employment_share,PC1,-0.15910167185624874,0.3896587519631357,2200,u_t,2016-01,2024-04,occupation_group × month
test_2024-08,2024-08,S,share_age_16_24,PC1,-0.40692775946720666,0.6406248210572784,88,share_age_25_54,2018,2022,occupation_group × source_year
test_2024-08,2024-08,S,share_age_25_54,PC1,0.43427794725848573,0.6406248210572784,88,share_age_25_54,2018,2022,occupation_group × source_year
test_2024-08,2024-08,S,share_education_less_than_high_school,PC1,-0.3971323060625576,0.6406248210572784,88,share_age_25_54,2018,2022,occupation_group × source_year
test_2024-08,2024-08,S,share_education_high_school_or_equivalent,PC1,-0.460786227321905,0.6406248210572784,88,share_age_25_54,2018,2022,occupation_group × source_year
test_2024-08,2024-08,S,share_education_some_college_or_associate,PC1,-0.28166898811862845,0.6406248210572784,88,share_age_25_54,2018,2022,occupation_group × source_year
test_2024-08,2024-08,S,share_education_bachelors,PC1,0.4432121708889143,0.6406248210572784,88,share_age_25_54,2018,2022,occupation_group × source_year
test_2024-09,2024-09,L,u_t,PC1,0.6987959624275284,0.38877303209157,2222,u_t,2016-01,2024-05,occupation_group × month
test_2024-09,2024-09,L,log_emp_change,PC1,-0.6964961028992994,0.38877303209157,2222,u_t,2016-01,2024-05,occupation_group × month
test_2024-09,2024-09,L,employment_share,PC1,-0.1630257082213502,0.38877303209157,2222,u_t,2016-01,2024-05,occupation_group × month
test_2024-09,2024-09,S,share_age_16_24,PC1,-0.40692775946720666,0.6406248210572784,88,share_age_25_54,2018,2022,occupation_group × source_year
test_2024-09,2024-09,S,share_age_25_54,PC1,0.43427794725848573,0.6406248210572784,88,share_age_25_54,2018,2022,occupation_group × source_year
test_2024-09,2024-09,S,share_education_less_than_high_school,PC1,-0.3971323060625576,0.6406248210572784,88,share_age_25_54,2018,2022,occupation_group × source_year
test_2024-09,2024-09,S,share_education_high_school_or_equivalent,PC1,-0.460786227321905,0.6406248210572784,88,share_age_25_54,2018,2022,occupation_group × source_year
test_2024-09,2024-09,S,share_education_some_college_or_associate,PC1,-0.28166898811862845,0.6406248210572784,88,share_age_25_54,2018,2022,occupation_group × source_year
test_2024-09,2024-09,S,share_education_bachelors,PC1,0.4432121708889143,0.6406248210572784,88,share_age_25_54,2018,2022,occupation_group × source_year
test_2024-10,2024-10,L,u_t,PC1,0.7015915463912858,0.38837128820281697,2244,u_t,2016-01,2024-06,occupation_group × month
test_2024-10,2024-10,L,log_emp_change,PC1,-0.6977926057712208,0.38837128820281697,2244,u_t,2016-01,2024-06,occupation_group × month
test_2024-10,2024-10,L,employment_share,PC1,-0.14441184633988385,0.38837128820281697,2244,u_t,2016-01,2024-06,occupation_group × month
test_2024-10,2024-10,S,share_age_16_24,PC1,-0.40692775946720666,0.6406248210572784,88,share_age_25_54,2018,2022,occupation_group × source_year
test_2024-10,2024-10,S,share_age_25_54,PC1,0.43427794725848573,0.6406248210572784,88,share_age_25_54,2018,2022,occupation_group × source_year
test_2024-10,2024-10,S,share_education_less_than_high_school,PC1,-0.3971323060625576,0.6406248210572784,88,share_age_25_54,2018,2022,occupation_group × source_year
test_2024-10,2024-10,S,share_education_high_school_or_equivalent,PC1,-0.460786227321905,0.6406248210572784,88,share_age_25_54,2018,2022,occupation_group × source_year
test_2024-10,2024-10,S,share_education_some_college_or_associate,PC1,-0.28166898811862845,0.6406248210572784,88,share_age_25_54,2018,2022,occupation_group × source_year
test_2024-10,2024-10,S,share_education_bachelors,PC1,0.4432121708889143,0.6406248210572784,88,share_age_25_54,2018,2022,occupation_group × source_year
test_2024-11,2024-11,L,u_t,PC1,0.7034360214121524,0.3882197955912907,2266,u_t,2016-01,2024-07,occupation_group × month
test_2024-11,2024-11,L,log_emp_change,PC1,-0.6985061573223633,0.3882197955912907,2266,u_t,2016-01,2024-07,occupation_group × month
test_2024-11,2024-11,L,employment_share,PC1,-0.13140362233434577,0.3882197955912907,2266,u_t,2016-01,2024-07,occupation_group × month
test_2024-11,2024-11,S,share_age_16_24,PC1,-0.40692775946720666,0.6406248210572784,88,share_age_25_54,2018,2022,occupation_group × source_year
test_2024-11,2024-11,S,share_age_25_54,PC1,0.43427794725848573,0.6406248210572784,88,share_age_25_54,2018,2022,occupation_group × source_year
test_2024-11,2024-11,S,share_education_less_than_high_school,PC1,-0.3971323060625576,0.6406248210572784,88,share_age_25_54,2018,2022,occupation_group × source_year
test_2024-11,2024-11,S,share_education_high_school_or_equivalent,PC1,-0.460786227321905,0.6406248210572784,88,share_age_25_54,2018,2022,occupation_group × source_year
test_2024-11,2024-11,S,share_education_some_college_or_associate,PC1,-0.28166898811862845,0.6406248210572784,88,share_age_25_54,2018,2022,occupation_group × source_year
test_2024-11,2024-11,S,share_education_bachelors,PC1,0.4432121708889143,0.6406248210572784,88,share_age_25_54,2018,2022,occupation_group × source_year
test_2024-12,2024-12,L,u_t,PC1,0.7022489194557278,0.38734689232656916,2288,u_t,2016-01,2024-08,occupation_group × month
test_2024-12,2024-12,L,log_emp_change,PC1,-0.6972006982650243,0.38734689232656916,2288,u_t,2016-01,2024-08,occupation_group × month
test_2024-12,2024-12,L,employment_share,PC1,-0.144075124369286,0.38734689232656916,2288,u_t,2016-01,2024-08,occupation_group × month
test_2024-12,2024-12,S,share_age_16_24,PC1,-0.40692775946720666,0.6406248210572784,88,share_age_25_54,2018,2022,occupation_group × source_year
test_2024-12,2024-12,S,share_age_25_54,PC1,0.43427794725848573,0.6406248210572784,88,share_age_25_54,2018,2022,occupation_group × source_year
test_2024-12,2024-12,S,share_education_less_than_high_school,PC1,-0.3971323060625576,0.6406248210572784,88,share_age_25_54,2018,2022,occupation_group × source_year
test_2024-12,2024-12,S,share_education_high_school_or_equivalent,PC1,-0.460786227321905,0.6406248210572784,88,share_age_25_54,2018,2022,occupation_group × source_year
test_2024-12,2024-12,S,share_education_some_college_or_associate,PC1,-0.28166898811862845,0.6406248210572784,88,share_age_25_54,2018,2022,occupation_group × source_year
test_2024-12,2024-12,S,share_education_bachelors,PC1,0.4432121708889143,0.6406248210572784,88,share_age_25_54,2018,2022,occupation_group × source_year
test_2025-01,2025-01,L,u_t,PC1,0.7007748465003621,0.3876023108731977,2310,u_t,2016-01,2024-09,occupation_group × month
test_2025-01,2025-01,L,log_emp_change,PC1,-0.6962127765069515,0.3876023108731977,2310,u_t,2016-01,2024-09,occupation_group × month
test_2025-01,2025-01,L,employment_share,PC1,-0.1555711552341098,0.3876023108731977,2310,u_t,2016-01,2024-09,occupation_group × month
test_2025-01,2025-01,S,share_age_16_24,PC1,-0.40692775946720666,0.6406248210572784,88,share_age_25_54,2018,2022,occupation_group × source_year
test_2025-01,2025-01,S,share_age_25_54,PC1,0.43427794725848573,0.6406248210572784,88,share_age_25_54,2018,2022,occupation_group × source_year
test_2025-01,2025-01,S,share_education_less_than_high_school,PC1,-0.3971323060625576,0.6406248210572784,88,share_age_25_54,2018,2022,occupation_group × source_year
test_2025-01,2025-01,S,share_education_high_school_or_equivalent,PC1,-0.460786227321905,0.6406248210572784,88,share_age_25_54,2018,2022,occupation_group × source_year
test_2025-01,2025-01,S,share_education_some_college_or_associate,PC1,-0.28166898811862845,0.6406248210572784,88,share_age_25_54,2018,2022,occupation_group × source_year
test_2025-01,2025-01,S,share_education_bachelors,PC1,0.4432121708889143,0.6406248210572784,88,share_age_25_54,2018,2022,occupation_group × source_year
test_2025-02,2025-02,L,u_t,PC1,0.7012319666996645,0.38775252986165887,2332,u_t,2016-01,2024-10,occupation_group × month
test_2025-02,2025-02,L,log_emp_change,PC1,-0.6965670257179751,0.38775252986165887,2332,u_t,2016-01,2024-10,occupation_group × month
test_2025-02,2025-02,L,employment_share,PC1,-0.15188188687573698,0.38775252986165887,2332,u_t,2016-01,2024-10,occupation_group × month
test_2025-02,2025-02,S,share_age_16_24,PC1,-0.40692775946720666,0.6406248210572784,88,share_age_25_54,2018,2022,occupation_group × source_year
test_2025-02,2025-02,S,share_age_25_54,PC1,0.43427794725848573,0.6406248210572784,88,share_age_25_54,2018,2022,occupation_group × source_year
test_2025-02,2025-02,S,share_education_less_than_high_school,PC1,-0.3971323060625576,0.6406248210572784,88,share_age_25_54,2018,2022,occupation_group × source_year
test_2025-02,2025-02,S,share_education_high_school_or_equivalent,PC1,-0.460786227321905,0.6406248210572784,88,share_age_25_54,2018,2022,occupation_group × source_year
test_2025-02,2025-02,S,share_education_some_college_or_associate,PC1,-0.28166898811862845,0.6406248210572784,88,share_age_25_54,2018,2022,occupation_group × source_year
test_2025-02,2025-02,S,share_education_bachelors,PC1,0.4432121708889143,0.6406248210572784,88,share_age_25_54,2018,2022,occupation_group × source_year
test_2025-03,2025-03,L,u_t,PC1,0.6996690020486017,0.3876593583193704,2354,u_t,2016-01,2024-11,occupation_group × month
test_2025-03,2025-03,L,log_emp_change,PC1,-0.6960700371435458,0.3876593583193704,2354,u_t,2016-01,2024-11,occupation_group × month
test_2025-03,2025-03,L,employment_share,PC1,-0.16108938811509627,0.3876593583193704,2354,u_t,2016-01,2024-11,occupation_group × month
test_2025-03,2025-03,S,share_age_16_24,PC1,-0.40565201050100425,0.6433662504173102,110,share_age_25_54,2018,2023,occupation_group × source_year
test_2025-03,2025-03,S,share_age_25_54,PC1,0.4354842733709945,0.6433662504173102,110,share_age_25_54,2018,2023,occupation_group × source_year
test_2025-03,2025-03,S,share_education_less_than_high_school,PC1,-0.39637126156431035,0.6433662504173102,110,share_age_25_54,2018,2023,occupation_group × source_year
test_2025-03,2025-03,S,share_education_high_school_or_equivalent,PC1,-0.4604513211497682,0.6433662504173102,110,share_age_25_54,2018,2023,occupation_group × source_year
test_2025-03,2025-03,S,share_education_some_college_or_associate,PC1,-0.2838272784249291,0.6433662504173102,110,share_age_25_54,2018,2023,occupation_group × source_year
test_2025-03,2025-03,S,share_education_bachelors,PC1,0.44285028384576824,0.6433662504173102,110,share_age_25_54,2018,2023,occupation_group × source_year
test_2025-04,2025-04,L,u_t,PC1,0.6979676488995752,0.38833467006314143,2376,u_t,2016-01,2024-12,occupation_group × month
test_2025-04,2025-04,L,log_emp_change,PC1,-0.6946865784835261,0.38833467006314143,2376,u_t,2016-01,2024-12,occupation_group × month
test_2025-04,2025-04,L,employment_share,PC1,-0.17393021233946362,0.38833467006314143,2376,u_t,2016-01,2024-12,occupation_group × month
test_2025-04,2025-04,S,share_age_16_24,PC1,-0.40565201050100425,0.6433662504173102,110,share_age_25_54,2018,2023,occupation_group × source_year
test_2025-04,2025-04,S,share_age_25_54,PC1,0.4354842733709945,0.6433662504173102,110,share_age_25_54,2018,2023,occupation_group × source_year
test_2025-04,2025-04,S,share_education_less_than_high_school,PC1,-0.39637126156431035,0.6433662504173102,110,share_age_25_54,2018,2023,occupation_group × source_year
test_2025-04,2025-04,S,share_education_high_school_or_equivalent,PC1,-0.4604513211497682,0.6433662504173102,110,share_age_25_54,2018,2023,occupation_group × source_year
test_2025-04,2025-04,S,share_education_some_college_or_associate,PC1,-0.2838272784249291,0.6433662504173102,110,share_age_25_54,2018,2023,occupation_group × source_year
test_2025-04,2025-04,S,share_education_bachelors,PC1,0.44285028384576824,0.6433662504173102,110,share_age_25_54,2018,2023,occupation_group × source_year
test_2025-05,2025-05,L,u_t,PC1,0.6989682234022596,0.38757871298969937,2398,u_t,2016-01,2025-01,occupation_group × month
test_2025-05,2025-05,L,log_emp_change,PC1,-0.6936749547732158,0.38757871298969937,2398,u_t,2016-01,2025-01,occupation_group × month
test_2025-05,2025-05,L,employment_share,PC1,-0.17394964729560694,0.38757871298969937,2398,u_t,2016-01,2025-01,occupation_group × month
test_2025-05,2025-05,S,share_age_16_24,PC1,-0.40565201050100425,0.6433662504173102,110,share_age_25_54,2018,2023,occupation_group × source_year
test_2025-05,2025-05,S,share_age_25_54,PC1,0.4354842733709945,0.6433662504173102,110,share_age_25_54,2018,2023,occupation_group × source_year
test_2025-05,2025-05,S,share_education_less_than_high_school,PC1,-0.39637126156431035,0.6433662504173102,110,share_age_25_54,2018,2023,occupation_group × source_year
test_2025-05,2025-05,S,share_education_high_school_or_equivalent,PC1,-0.4604513211497682,0.6433662504173102,110,share_age_25_54,2018,2023,occupation_group × source_year
test_2025-05,2025-05,S,share_education_some_college_or_associate,PC1,-0.2838272784249291,0.6433662504173102,110,share_age_25_54,2018,2023,occupation_group × source_year
test_2025-05,2025-05,S,share_education_bachelors,PC1,0.44285028384576824,0.6433662504173102,110,share_age_25_54,2018,2023,occupation_group × source_year
test_2025-06,2025-06,L,u_t,PC1,0.6973436851296211,0.38734854165850285,2420,u_t,2016-01,2025-02,occupation_group × month
test_2025-06,2025-06,L,log_emp_change,PC1,-0.6917501334822579,0.38734854165850285,2420,u_t,2016-01,2025-02,occupation_group × month
test_2025-06,2025-06,L,employment_share,PC1,-0.18759940734746255,0.38734854165850285,2420,u_t,2016-01,2025-02,occupation_group × month
test_2025-06,2025-06,S,share_age_16_24,PC1,-0.40565201050100425,0.6433662504173102,110,share_age_25_54,2018,2023,occupation_group × source_year
test_2025-06,2025-06,S,share_age_25_54,PC1,0.4354842733709945,0.6433662504173102,110,share_age_25_54,2018,2023,occupation_group × source_year
test_2025-06,2025-06,S,share_education_less_than_high_school,PC1,-0.39637126156431035,0.6433662504173102,110,share_age_25_54,2018,2023,occupation_group × source_year
test_2025-06,2025-06,S,share_education_high_school_or_equivalent,PC1,-0.4604513211497682,0.6433662504173102,110,share_age_25_54,2018,2023,occupation_group × source_year
test_2025-06,2025-06,S,share_education_some_college_or_associate,PC1,-0.2838272784249291,0.6433662504173102,110,share_age_25_54,2018,2023,occupation_group × source_year
test_2025-06,2025-06,S,share_education_bachelors,PC1,0.44285028384576824,0.6433662504173102,110,share_age_25_54,2018,2023,occupation_group × source_year
test_2025-11,2025-11,L,u_t,PC1,0.7003304605174916,0.38513965080862006,2508,u_t,2016-01,2025-06,occupation_group × month
test_2025-11,2025-11,L,log_emp_change,PC1,-0.6918676039985145,0.38513965080862006,2508,u_t,2016-01,2025-06,occupation_group × month
test_2025-11,2025-11,L,employment_share,PC1,-0.1756600825706086,0.38513965080862006,2508,u_t,2016-01,2025-06,occupation_group × month
test_2025-11,2025-11,S,share_age_16_24,PC1,-0.40565201050100425,0.6433662504173102,110,share_age_25_54,2018,2023,occupation_group × source_year
test_2025-11,2025-11,S,share_age_25_54,PC1,0.4354842733709945,0.6433662504173102,110,share_age_25_54,2018,2023,occupation_group × source_year
test_2025-11,2025-11,S,share_education_less_than_high_school,PC1,-0.39637126156431035,0.6433662504173102,110,share_age_25_54,2018,2023,occupation_group × source_year
test_2025-11,2025-11,S,share_education_high_school_or_equivalent,PC1,-0.4604513211497682,0.6433662504173102,110,share_age_25_54,2018,2023,occupation_group × source_year
test_2025-11,2025-11,S,share_education_some_college_or_associate,PC1,-0.2838272784249291,0.6433662504173102,110,share_age_25_54,2018,2023,occupation_group × source_year
test_2025-11,2025-11,S,share_education_bachelors,PC1,0.44285028384576824,0.6433662504173102,110,share_age_25_54,2018,2023,occupation_group × source_year
test_2025-12,2025-12,L,u_t,PC1,0.7003304605174916,0.38513965080862006,2508,u_t,2016-01,2025-06,occupation_group × month
test_2025-12,2025-12,L,log_emp_change,PC1,-0.6918676039985145,0.38513965080862006,2508,u_t,2016-01,2025-06,occupation_group × month
test_2025-12,2025-12,L,employment_share,PC1,-0.1756600825706086,0.38513965080862006,2508,u_t,2016-01,2025-06,occupation_group × month
test_2025-12,2025-12,S,share_age_16_24,PC1,-0.40565201050100425,0.6433662504173102,110,share_age_25_54,2018,2023,occupation_group × source_year
test_2025-12,2025-12,S,share_age_25_54,PC1,0.4354842733709945,0.6433662504173102,110,share_age_25_54,2018,2023,occupation_group × source_year
test_2025-12,2025-12,S,share_education_less_than_high_school,PC1,-0.39637126156431035,0.6433662504173102,110,share_age_25_54,2018,2023,occupation_group × source_year
test_2025-12,2025-12,S,share_education_high_school_or_equivalent,PC1,-0.4604513211497682,0.6433662504173102,110,share_age_25_54,2018,2023,occupation_group × source_year
test_2025-12,2025-12,S,share_education_some_college_or_associate,PC1,-0.2838272784249291,0.6433662504173102,110,share_age_25_54,2018,2023,occupation_group × source_year
test_2025-12,2025-12,S,share_education_bachelors,PC1,0.44285028384576824,0.6433662504173102,110,share_age_25_54,2018,2023,occupation_group × source_year
test_2026-01,2026-01,L,u_t,PC1,0.7003304605174916,0.38513965080862006,2508,u_t,2016-01,2025-06,occupation_group × month
test_2026-01,2026-01,L,log_emp_change,PC1,-0.6918676039985145,0.38513965080862006,2508,u_t,2016-01,2025-06,occupation_group × month
test_2026-01,2026-01,L,employment_share,PC1,-0.1756600825706086,0.38513965080862006,2508,u_t,2016-01,2025-06,occupation_group × month
test_2026-01,2026-01,S,share_age_16_24,PC1,-0.40565201050100425,0.6433662504173102,110,share_age_25_54,2018,2023,occupation_group × source_year
test_2026-01,2026-01,S,share_age_25_54,PC1,0.4354842733709945,0.6433662504173102,110,share_age_25_54,2018,2023,occupation_group × source_year
test_2026-01,2026-01,S,share_education_less_than_high_school,PC1,-0.39637126156431035,0.6433662504173102,110,share_age_25_54,2018,2023,occupation_group × source_year
test_2026-01,2026-01,S,share_education_high_school_or_equivalent,PC1,-0.4604513211497682,0.6433662504173102,110,share_age_25_54,2018,2023,occupation_group × source_year
test_2026-01,2026-01,S,share_education_some_college_or_associate,PC1,-0.2838272784249291,0.6433662504173102,110,share_age_25_54,2018,2023,occupation_group × source_year
test_2026-01,2026-01,S,share_education_bachelors,PC1,0.44285028384576824,0.6433662504173102,110,share_age_25_54,2018,2023,occupation_group × source_year
test_2026-02,2026-02,L,u_t,PC1,0.7003304605174916,0.38513965080862006,2508,u_t,2016-01,2025-06,occupation_group × month
test_2026-02,2026-02,L,log_emp_change,PC1,-0.6918676039985145,0.38513965080862006,2508,u_t,2016-01,2025-06,occupation_group × month
test_2026-02,2026-02,L,employment_share,PC1,-0.1756600825706086,0.38513965080862006,2508,u_t,2016-01,2025-06,occupation_group × month
test_2026-02,2026-02,S,share_age_16_24,PC1,-0.40565201050100425,0.6433662504173102,110,share_age_25_54,2018,2023,occupation_group × source_year
test_2026-02,2026-02,S,share_age_25_54,PC1,0.4354842733709945,0.6433662504173102,110,share_age_25_54,2018,2023,occupation_group × source_year
test_2026-02,2026-02,S,share_education_less_than_high_school,PC1,-0.39637126156431035,0.6433662504173102,110,share_age_25_54,2018,2023,occupation_group × source_year
test_2026-02,2026-02,S,share_education_high_school_or_equivalent,PC1,-0.4604513211497682,0.6433662504173102,110,share_age_25_54,2018,2023,occupation_group × source_year
test_2026-02,2026-02,S,share_education_some_college_or_associate,PC1,-0.2838272784249291,0.6433662504173102,110,share_age_25_54,2018,2023,occupation_group × source_year
test_2026-02,2026-02,S,share_education_bachelors,PC1,0.44285028384576824,0.6433662504173102,110,share_age_25_54,2018,2023,occupation_group × source_year
test_2026-03,2026-03,L,u_t,PC1,0.7001510531570653,0.3850882856351303,2530,u_t,2016-01,2025-11,occupation_group × month
test_2026-03,2026-03,L,log_emp_change,PC1,-0.6906047810849821,0.3850882856351303,2530,u_t,2016-01,2025-11,occupation_group × month
test_2026-03,2026-03,L,employment_share,PC1,-0.18125545262313067,0.3850882856351303,2530,u_t,2016-01,2025-11,occupation_group × month
test_2026-03,2026-03,S,share_age_16_24,PC1,-0.40565201050100425,0.6433662504173102,110,share_age_25_54,2018,2023,occupation_group × source_year
test_2026-03,2026-03,S,share_age_25_54,PC1,0.4354842733709945,0.6433662504173102,110,share_age_25_54,2018,2023,occupation_group × source_year
test_2026-03,2026-03,S,share_education_less_than_high_school,PC1,-0.39637126156431035,0.6433662504173102,110,share_age_25_54,2018,2023,occupation_group × source_year
test_2026-03,2026-03,S,share_education_high_school_or_equivalent,PC1,-0.4604513211497682,0.6433662504173102,110,share_age_25_54,2018,2023,occupation_group × source_year
test_2026-03,2026-03,S,share_education_some_college_or_associate,PC1,-0.2838272784249291,0.6433662504173102,110,share_age_25_54,2018,2023,occupation_group × source_year
test_2026-03,2026-03,S,share_education_bachelors,PC1,0.44285028384576824,0.6433662504173102,110,share_age_25_54,2018,2023,occupation_group × source_year
test_2026-04,2026-04,L,u_t,PC1,0.7013573322144667,0.3846583716229545,2552,u_t,2016-01,2025-12,occupation_group × month
test_2026-04,2026-04,L,log_emp_change,PC1,-0.6901997810948354,0.3846583716229545,2552,u_t,2016-01,2025-12,occupation_group × month
test_2026-04,2026-04,L,employment_share,PC1,-0.17810714394893656,0.3846583716229545,2552,u_t,2016-01,2025-12,occupation_group × month
test_2026-04,2026-04,S,share_age_16_24,PC1,-0.40565201050100425,0.6433662504173102,110,share_age_25_54,2018,2023,occupation_group × source_year
test_2026-04,2026-04,S,share_age_25_54,PC1,0.4354842733709945,0.6433662504173102,110,share_age_25_54,2018,2023,occupation_group × source_year
test_2026-04,2026-04,S,share_education_less_than_high_school,PC1,-0.39637126156431035,0.6433662504173102,110,share_age_25_54,2018,2023,occupation_group × source_year
test_2026-04,2026-04,S,share_education_high_school_or_equivalent,PC1,-0.4604513211497682,0.6433662504173102,110,share_age_25_54,2018,2023,occupation_group × source_year
test_2026-04,2026-04,S,share_education_some_college_or_associate,PC1,-0.2838272784249291,0.6433662504173102,110,share_age_25_54,2018,2023,occupation_group × source_year
test_2026-04,2026-04,S,share_education_bachelors,PC1,0.44285028384576824,0.6433662504173102,110,share_age_25_54,2018,2023,occupation_group × source_year
test_2026-05,2026-05,L,u_t,PC1,0.6998949200579218,0.3862271270737322,2574,u_t,2016-01,2026-01,occupation_group × month
test_2026-05,2026-05,L,log_emp_change,PC1,-0.6889192292480807,0.3862271270737322,2574,u_t,2016-01,2026-01,occupation_group × month
test_2026-05,2026-05,L,employment_share,PC1,-0.18851365056500669,0.3862271270737322,2574,u_t,2016-01,2026-01,occupation_group × month
test_2026-05,2026-05,S,share_age_16_24,PC1,-0.40488808441197377,0.6449905672452654,132,share_age_25_54,2018,2024,occupation_group × source_year
test_2026-05,2026-05,S,share_age_25_54,PC1,0.43631997942167383,0.6449905672452654,132,share_age_25_54,2018,2024,occupation_group × source_year
test_2026-05,2026-05,S,share_education_less_than_high_school,PC1,-0.3955815022220819,0.6449905672452654,132,share_age_25_54,2018,2024,occupation_group × source_year
test_2026-05,2026-05,S,share_education_high_school_or_equivalent,PC1,-0.4606237473416692,0.6449905672452654,132,share_age_25_54,2018,2024,occupation_group × source_year
test_2026-05,2026-05,S,share_education_some_college_or_associate,PC1,-0.2848133725259776,0.6449905672452654,132,share_age_25_54,2018,2024,occupation_group × source_year
test_2026-05,2026-05,S,share_education_bachelors,PC1,0.44262048752141037,0.6449905672452654,132,share_age_25_54,2018,2024,occupation_group × source_year
