fold_id,test_month,forecast_date,mode,strict_asof_available,strict_asof_block_reason,train_start_month,train_end_origin_month,train_last_target_month,train_unique_months,train_group_month_rows,test_group_count,expected_group_count,all_groups_present,inner_validation_months,inner_train_rows,cps_only_eligible,acs_train_unique_months,acs_train_rows,acs_test_rows,acs_fit_unique_occupation_year,cps_acs_eligible,acs_pca_unique_key_check,all_training_labels_mature
test_2016-01,2016-01,2016-01-01,retrospective_current_vintage,False,CPS exact publication dates are unknown,,,,0,0,22,22,True,,0,False,0,0,0,0,False,True,True
test_2016-02,2016-02,2016-02-01,retrospective_current_vintage,False,CPS exact publication dates are unknown,,,,0,0,22,22,True,,0,False,0,0,0,0,False,True,True
test_2016-03,2016-03,2016-03-01,retrospective_current_vintage,False,CPS exact publication dates are unknown,,,,0,0,22,22,True,,0,False,0,0,0,0,False,True,True
test_2016-04,2016-04,2016-04-01,retrospective_current_vintage,False,CPS exact publication dates are unknown,,,,0,0,22,22,True,,0,False,0,0,0,0,False,True,True
test_2016-05,2016-05,2016-05-01,retrospective_current_vintage,False,CPS exact publication dates are unknown,2016-01,2016-01,2016-04,1,22,22,22,True,2016-01,0,False,0,0,0,0,False,True,True
test_2016-06,2016-06,2016-06-01,retrospective_current_vintage,False,CPS exact publication dates are unknown,2016-01,2016-02,2016-05,2,44,22,22,True,2016-01;2016-02,0,False,0,0,0,0,False,True,True
test_2016-07,2016-07,2016-07-01,retrospective_current_vintage,False,CPS exact publication dates are unknown,2016-01,2016-03,2016-06,3,66,22,22,True,2016-01;2016-02;2016-03,0,False,0,0,0,0,False,True,True
test_2016-08,2016-08,2016-08-01,retrospective_current_vintage,False,CPS exact publication dates are unknown,2016-01,2016-04,2016-07,4,88,22,22,True,2016-02;2016-03;2016-04,0,False,0,0,0,0,False,True,True
test_2016-09,2016-09,2016-09-01,retrospective_current_vintage,False,CPS exact publication dates are unknown,2016-01,2016-05,2016-08,5,110,22,22,True,2016-03;2016-04;2016-05,0,False,0,0,0,0,False,True,True
test_2016-10,2016-10,2016-10-01,retrospective_current_vintage,False,CPS exact publication dates are unknown,2016-01,2016-06,2016-09,6,132,22,22,True,2016-04;2016-05;2016-06,0,False,0,0,0,0,False,True,True
test_2016-11,2016-11,2016-11-01,retrospective_current_vintage,False,CPS exact publication dates are unknown,2016-01,2016-07,2016-10,7,154,22,22,True,2016-05;2016-06;2016-07,22,False,0,0,0,0,False,True,True
test_2016-12,2016-12,2016-12-01,retrospective_current_vintage,False,CPS exact publication dates are unknown,2016-01,2016-08,2016-11,8,176,22,22,True,2016-06;2016-07;2016-08,44,False,0,0,0,0,False,True,True
test_2017-01,2017-01,2017-01-01,retrospective_current_vintage,False,CPS exact publication dates are unknown,2016-01,2016-09,2016-12,9,198,22,22,True,2016-07;2016-08;2016-09,66,False,0,0,0,0,False,True,True
test_2017-02,2017-02,2017-02-01,retrospective_current_vintage,False,CPS exact publication dates are unknown,2016-01,2016-10,2017-01,10,220,22,22,True,2016-08;2016-09;2016-10,88,False,0,0,0,0,False,True,True
test_2017-03,2017-03,2017-03-01,retrospective_current_vintage,False,CPS exact publication dates are unknown,2016-01,2016-11,2017-02,11,242,22,22,True,2016-09;2016-10;2016-11,110,False,0,0,0,0,False,True,True
test_2017-04,2017-04,2017-04-01,retrospective_current_vintage,False,CPS exact publication dates are unknown,2016-01,2016-12,2017-03,12,264,22,22,True,2016-10;2016-11;2016-12,132,False,0,0,0,0,False,True,True
test_2017-05,2017-05,2017-05-01,retrospective_current_vintage,False,CPS exact publication dates are unknown,2016-01,2017-01,2017-04,13,286,22,22,True,2016-11;2016-12;2017-01,154,False,0,0,0,0,False,True,True
test_2017-06,2017-06,2017-06-01,retrospective_current_vintage,False,CPS exact publication dates are unknown,2016-01,2017-02,2017-05,14,308,22,22,True,2016-12;2017-01;2017-02,176,False,0,0,0,0,False,True,True
test_2017-07,2017-07,2017-07-01,retrospective_current_vintage,False,CPS exact publication dates are unknown,2016-01,2017-03,2017-06,15,330,22,22,True,2017-01;2017-02;2017-03,198,False,0,0,0,0,False,True,True
test_2017-08,2017-08,2017-08-01,retrospective_current_vintage,False,CPS exact publication dates are unknown,2016-01,2017-04,2017-07,16,352,22,22,True,2017-02;2017-03;2017-04,220,False,0,0,0,0,False,True,True
test_2017-09,2017-09,2017-09-01,retrospective_current_vintage,False,CPS exact publication dates are unknown,2016-01,2017-05,2017-08,17,374,22,22,True,2017-03;2017-04;2017-05,242,False,0,0,0,0,False,True,True
test_2017-10,2017-10,2017-10-01,retrospective_current_vintage,False,CPS exact publication dates are unknown,2016-01,2017-06,2017-09,18,396,22,22,True,2017-04;2017-05;2017-06,264,False,0,0,0,0,False,True,True
test_2017-11,2017-11,2017-11-01,retrospective_current_vintage,False,CPS exact publication dates are unknown,2016-01,2017-07,2017-10,19,418,22,22,True,2017-05;2017-06;2017-07,286,False,0,0,0,0,False,True,True
test_2017-12,2017-12,2017-12-01,retrospective_current_vintage,False,CPS exact publication dates are unknown,2016-01,2017-08,2017-11,20,440,22,22,True,2017-06;2017-07;2017-08,308,False,0,0,0,0,False,True,True
test_2018-01,2018-01,2018-01-01,retrospective_current_vintage,False,CPS exact publication dates are unknown,2016-01,2017-09,2017-12,21,462,22,22,True,2017-07;2017-08;2017-09,330,False,0,0,0,0,False,True,True
test_2018-02,2018-02,2018-02-01,retrospective_current_vintage,False,CPS exact publication dates are unknown,2016-01,2017-10,2018-01,22,484,22,22,True,2017-08;2017-09;2017-10,352,False,0,0,0,0,False,True,True
test_2018-03,2018-03,2018-03-01,retrospective_current_vintage,False,CPS exact publication dates are unknown,2016-01,2017-11,2018-02,23,506,22,22,True,2017-09;2017-10;2017-11,374,False,0,0,0,0,False,True,True
test_2018-04,2018-04,2018-04-01,retrospective_current_vintage,False,CPS exact publication dates are unknown,2016-01,2017-12,2018-03,24,528,22,22,True,2017-10;2017-11;2017-12,396,False,0,0,0,0,False,True,True
test_2018-05,2018-05,2018-05-01,retrospective_current_vintage,False,CPS exact publication dates are unknown,2016-01,2018-01,2018-04,25,550,22,22,True,2017-11;2017-12;2018-01,418,False,0,0,0,0,False,True,True
test_2018-06,2018-06,2018-06-01,retrospective_current_vintage,False,CPS exact publication dates are unknown,2016-01,2018-02,2018-05,26,572,22,22,True,2017-12;2018-01;2018-02,440,False,0,0,0,0,False,True,True
test_2018-07,2018-07,2018-07-01,retrospective_current_vintage,False,CPS exact publication dates are unknown,2016-01,2018-03,2018-06,27,594,22,22,True,2018-01;2018-02;2018-03,462,False,0,0,0,0,False,True,True
test_2018-08,2018-08,2018-08-01,retrospective_current_vintage,False,CPS exact publication dates are unknown,2016-01,2018-04,2018-07,28,616,22,22,True,2018-02;2018-03;2018-04,484,False,0,0,0,0,False,True,True
test_2018-09,2018-09,2018-09-01,retrospective_current_vintage,False,CPS exact publication dates are unknown,2016-01,2018-05,2018-08,29,638,22,22,True,2018-03;2018-04;2018-05,506,False,0,0,0,0,False,True,True
test_2018-10,2018-10,2018-10-01,retrospective_current_vintage,False,CPS exact publication dates are unknown,2016-01,2018-06,2018-09,30,660,22,22,True,2018-04;2018-05;2018-06,528,False,0,0,0,0,False,True,True
test_2018-11,2018-11,2018-11-01,retrospective_current_vintage,False,CPS exact publication dates are unknown,2016-01,2018-07,2018-10,31,682,22,22,True,2018-05;2018-06;2018-07,550,False,0,0,0,0,False,True,True
test_2018-12,2018-12,2018-12-01,retrospective_current_vintage,False,CPS exact publication dates are unknown,2016-01,2018-08,2018-11,32,704,22,22,True,2018-06;2018-07;2018-08,572,False,0,0,0,0,False,True,True
test_2019-01,2019-01,2019-01-01,retrospective_current_vintage,False,CPS exact publication dates are unknown,2016-01,2018-09,2018-12,33,726,22,22,True,2018-07;2018-08;2018-09,594,False,0,0,0,0,False,True,True
test_2019-02,2019-02,2019-02-01,retrospective_current_vintage,False,CPS exact publication dates are unknown,2016-01,2018-10,2019-01,34,748,22,22,True,2018-08;2018-09;2018-10,616,False,0,0,0,0,False,True,True
test_2019-03,2019-03,2019-03-01,retrospective_current_vintage,False,CPS exact publication dates are unknown,2016-01,2018-11,2019-02,35,770,22,22,True,2018-09;2018-10;2018-11,638,False,0,0,0,0,False,True,True
test_2019-04,2019-04,2019-04-01,retrospective_current_vintage,False,CPS exact publication dates are unknown,2016-01,2018-12,2019-03,36,792,22,22,True,2018-10;2018-11;2018-12,660,True,0,0,0,0,False,True,True
test_2019-05,2019-05,2019-05-01,retrospective_current_vintage,False,CPS exact publication dates are unknown,2016-01,2019-01,2019-04,37,814,22,22,True,2018-11;2018-12;2019-01,682,True,0,0,0,0,False,True,True
test_2019-06,2019-06,2019-06-01,retrospective_current_vintage,False,CPS exact publication dates are unknown,2016-01,2019-02,2019-05,38,836,22,22,True,2018-12;2019-01;2019-02,704,True,0,0,0,0,False,True,True
test_2019-07,2019-07,2019-07-01,retrospective_current_vintage,False,CPS exact publication dates are unknown,2016-01,2019-03,2019-06,39,858,22,22,True,2019-01;2019-02;2019-03,726,True,0,0,0,0,False,True,True
test_2019-08,2019-08,2019-08-01,retrospective_current_vintage,False,CPS exact publication dates are unknown,2016-01,2019-04,2019-07,40,880,22,22,True,2019-02;2019-03;2019-04,748,True,0,0,0,0,False,True,True
test_2019-09,2019-09,2019-09-01,retrospective_current_vintage,False,CPS exact publication dates are unknown,2016-01,2019-05,2019-08,41,902,22,22,True,2019-03;2019-04;2019-05,770,True,0,0,0,0,False,True,True
test_2019-10,2019-10,2019-10-01,retrospective_current_vintage,False,CPS exact publication dates are unknown,2016-01,2019-06,2019-09,42,924,22,22,True,2019-04;2019-05;2019-06,792,True,0,0,0,0,False,True,True
test_2019-11,2019-11,2019-11-01,retrospective_current_vintage,False,CPS exact publication dates are unknown,2016-01,2019-07,2019-10,43,946,22,22,True,2019-05;2019-06;2019-07,814,True,0,0,0,0,False,True,True
test_2019-12,2019-12,2019-12-01,retrospective_current_vintage,False,CPS exact publication dates are unknown,2016-01,2019-08,2019-11,44,968,22,22,True,2019-06;2019-07;2019-08,836,True,0,0,22,0,False,True,True
test_2020-01,2020-01,2020-01-01,retrospective_current_vintage,False,CPS exact publication dates are unknown,2016-01,2019-09,2019-12,45,990,22,22,True,2019-07;2019-08;2019-09,858,True,0,0,22,0,False,True,True
test_2020-02,2020-02,2020-02-01,retrospective_current_vintage,False,CPS exact publication dates are unknown,2016-01,2019-10,2020-01,46,1012,22,22,True,2019-08;2019-09;2019-10,880,True,0,0,22,0,False,True,True
test_2020-03,2020-03,2020-03-01,retrospective_current_vintage,False,CPS exact publication dates are unknown,2016-01,2019-11,2020-02,47,1034,22,22,True,2019-09;2019-10;2019-11,902,True,0,0,22,0,False,True,True
test_2020-04,2020-04,2020-04-01,retrospective_current_vintage,False,CPS exact publication dates are unknown,2016-01,2019-12,2020-03,48,1056,22,22,True,2019-10;2019-11;2019-12,924,True,1,22,22,0,False,True,True
test_2020-05,2020-05,2020-05-01,retrospective_current_vintage,False,CPS exact publication dates are unknown,2016-01,2020-01,2020-04,49,1078,22,22,True,2019-11;2019-12;2020-01,946,True,2,44,22,0,False,True,True
test_2020-06,2020-06,2020-06-01,retrospective_current_vintage,False,CPS exact publication dates are unknown,2016-01,2020-02,2020-05,50,1100,22,22,True,2019-12;2020-01;2020-02,968,True,3,66,22,0,False,True,True
test_2020-07,2020-07,2020-07-01,retrospective_current_vintage,False,CPS exact publication dates are unknown,2016-01,2020-03,2020-06,51,1122,22,22,True,2020-01;2020-02;2020-03,990,True,4,88,22,0,False,True,True
test_2020-08,2020-08,2020-08-01,retrospective_current_vintage,False,CPS exact publication dates are unknown,2016-01,2020-04,2020-07,52,1144,22,22,True,2020-02;2020-03;2020-04,1012,True,5,110,22,0,False,True,True
test_2020-09,2020-09,2020-09-01,retrospective_current_vintage,False,CPS exact publication dates are unknown,2016-01,2020-05,2020-08,53,1166,22,22,True,2020-03;2020-04;2020-05,1034,True,6,132,22,0,False,True,True
test_2020-10,2020-10,2020-10-01,retrospective_current_vintage,False,CPS exact publication dates are unknown,2016-01,2020-06,2020-09,54,1188,22,22,True,2020-04;2020-05;2020-06,1056,True,7,154,22,0,False,True,True
test_2020-11,2020-11,2020-11-01,retrospective_current_vintage,False,CPS exact publication dates are unknown,2016-01,2020-07,2020-10,55,1210,22,22,True,2020-05;2020-06;2020-07,1078,True,8,176,22,0,False,True,True
test_2020-12,2020-12,2020-12-01,retrospective_current_vintage,False,CPS exact publication dates are unknown,2016-01,2020-08,2020-11,56,1232,22,22,True,2020-06;2020-07;2020-08,1100,True,9,198,22,0,False,True,True
test_2021-01,2021-01,2021-01-01,retrospective_current_vintage,False,CPS exact publication dates are unknown,2016-01,2020-09,2020-12,57,1254,22,22,True,2020-07;2020-08;2020-09,1122,True,10,220,22,0,False,True,True
test_2021-02,2021-02,2021-02-01,retrospective_current_vintage,False,CPS exact publication dates are unknown,2016-01,2020-10,2021-01,58,1276,22,22,True,2020-08;2020-09;2020-10,1144,True,11,242,22,0,False,True,True
test_2021-03,2021-03,2021-03-01,retrospective_current_vintage,False,CPS exact publication dates are unknown,2016-01,2020-11,2021-02,59,1298,22,22,True,2020-09;2020-10;2020-11,1166,True,12,264,22,0,False,True,True
test_2021-04,2021-04,2021-04-01,retrospective_current_vintage,False,CPS exact publication dates are unknown,2016-01,2020-12,2021-03,60,1320,22,22,True,2020-10;2020-11;2020-12,1188,True,13,286,22,0,False,True,True
test_2021-05,2021-05,2021-05-01,retrospective_current_vintage,False,CPS exact publication dates are unknown,2016-01,2021-01,2021-04,61,1342,22,22,True,2020-11;2020-12;2021-01,1210,True,14,308,22,0,False,True,True
test_2021-06,2021-06,2021-06-01,retrospective_current_vintage,False,CPS exact publication dates are unknown,2016-01,2021-02,2021-05,62,1364,22,22,True,2020-12;2021-01;2021-02,1232,True,15,330,22,0,False,True,True
test_2021-07,2021-07,2021-07-01,retrospective_current_vintage,False,CPS exact publication dates are unknown,2016-01,2021-03,2021-06,63,1386,22,22,True,2021-01;2021-02;2021-03,1254,True,16,352,22,0,False,True,True
test_2021-08,2021-08,2021-08-01,retrospective_current_vintage,False,CPS exact publication dates are unknown,2016-01,2021-04,2021-07,64,1408,22,22,True,2021-02;2021-03;2021-04,1276,True,17,374,22,0,False,True,True
test_2021-09,2021-09,2021-09-01,retrospective_current_vintage,False,CPS exact publication dates are unknown,2016-01,2021-05,2021-08,65,1430,22,22,True,2021-03;2021-04;2021-05,1298,True,18,396,22,0,False,True,True
test_2021-10,2021-10,2021-10-01,retrospective_current_vintage,False,CPS exact publication dates are unknown,2016-01,2021-06,2021-09,66,1452,22,22,True,2021-04;2021-05;2021-06,1320,True,19,418,22,0,False,True,True
test_2021-11,2021-11,2021-11-01,retrospective_current_vintage,False,CPS exact publication dates are unknown,2016-01,2021-07,2021-10,67,1474,22,22,True,2021-05;2021-06;2021-07,1342,True,20,440,22,0,False,True,True
test_2021-12,2021-12,2021-12-01,retrospective_current_vintage,False,CPS exact publication dates are unknown,2016-01,2021-08,2021-11,68,1496,22,22,True,2021-06;2021-07;2021-08,1364,True,21,462,22,0,False,True,True
test_2022-01,2022-01,2022-01-01,retrospective_current_vintage,False,CPS exact publication dates are unknown,2016-01,2021-09,2021-12,69,1518,22,22,True,2021-07;2021-08;2021-09,1386,True,22,484,22,0,False,True,True
test_2022-02,2022-02,2022-02-01,retrospective_current_vintage,False,CPS exact publication dates are unknown,2016-01,2021-10,2022-01,70,1540,22,22,True,2021-08;2021-09;2021-10,1408,True,23,506,22,0,False,True,True
test_2022-03,2022-03,2022-03-01,retrospective_current_vintage,False,CPS exact publication dates are unknown,2016-01,2021-11,2022-02,71,1562,22,22,True,2021-09;2021-10;2021-11,1430,True,24,528,22,0,False,True,True
test_2022-04,2022-04,2022-04-01,retrospective_current_vintage,False,CPS exact publication dates are unknown,2016-01,2021-12,2022-03,72,1584,22,22,True,2021-10;2021-11;2021-12,1452,True,25,550,22,0,False,True,True
test_2022-05,2022-05,2022-05-01,retrospective_current_vintage,False,CPS exact publication dates are unknown,2016-01,2022-01,2022-04,73,1606,22,22,True,2021-11;2021-12;2022-01,1474,True,26,572,22,0,False,True,True
test_2022-06,2022-06,2022-06-01,retrospective_current_vintage,False,CPS exact publication dates are unknown,2016-01,2022-02,2022-05,74,1628,22,22,True,2021-12;2022-01;2022-02,1496,True,27,594,22,0,False,True,True
test_2022-07,2022-07,2022-07-01,retrospective_current_vintage,False,CPS exact publication dates are unknown,2016-01,2022-03,2022-06,75,1650,22,22,True,2022-01;2022-02;2022-03,1518,True,28,616,22,0,False,True,True
test_2022-08,2022-08,2022-08-01,retrospective_current_vintage,False,CPS exact publication dates are unknown,2016-01,2022-04,2022-07,76,1672,22,22,True,2022-02;2022-03;2022-04,1540,True,29,638,22,0,False,True,True
test_2022-09,2022-09,2022-09-01,retrospective_current_vintage,False,CPS exact publication dates are unknown,2016-01,2022-05,2022-08,77,1694,22,22,True,2022-03;2022-04;2022-05,1562,True,30,660,22,0,False,True,True
test_2022-10,2022-10,2022-10-01,retrospective_current_vintage,False,CPS exact publication dates are unknown,2016-01,2022-06,2022-09,78,1716,22,22,True,2022-04;2022-05;2022-06,1584,True,31,682,22,0,False,True,True
test_2022-11,2022-11,2022-11-01,retrospective_current_vintage,False,CPS exact publication dates are unknown,2016-01,2022-07,2022-10,79,1738,22,22,True,2022-05;2022-06;2022-07,1606,True,32,704,22,0,False,True,True
test_2022-12,2022-12,2022-12-01,retrospective_current_vintage,False,CPS exact publication dates are unknown,2016-01,2022-08,2022-11,80,1760,22,22,True,2022-06;2022-07;2022-08,1628,True,33,726,22,0,False,True,True
test_2023-01,2023-01,2023-01-01,retrospective_current_vintage,False,CPS exact publication dates are unknown,2016-01,2022-09,2022-12,81,1782,22,22,True,2022-07;2022-08;2022-09,1650,True,34,748,22,0,False,True,True
test_2023-02,2023-02,2023-02-01,retrospective_current_vintage,False,CPS exact publication dates are unknown,2016-01,2022-10,2023-01,82,1804,22,22,True,2022-08;2022-09;2022-10,1672,True,35,770,22,0,False,True,True
test_2023-03,2023-03,2023-03-01,retrospective_current_vintage,False,CPS exact publication dates are unknown,2016-01,2022-11,2023-02,83,1826,22,22,True,2022-09;2022-10;2022-11,1694,True,36,792,22,66,True,True,True
test_2023-04,2023-04,2023-04-01,retrospective_current_vintage,False,CPS exact publication dates are unknown,2016-01,2022-12,2023-03,84,1848,22,22,True,2022-10;2022-11;2022-12,1716,True,37,814,22,66,True,True,True
test_2023-05,2023-05,2023-05-01,retrospective_current_vintage,False,CPS exact publication dates are unknown,2016-01,2023-01,2023-04,85,1870,22,22,True,2022-11;2022-12;2023-01,1738,True,38,836,22,66,True,True,True
test_2023-06,2023-06,2023-06-01,retrospective_current_vintage,False,CPS exact publication dates are unknown,2016-01,2023-02,2023-05,86,1892,22,22,True,2022-12;2023-01;2023-02,1760,True,39,858,22,66,True,True,True
test_2023-07,2023-07,2023-07-01,retrospective_current_vintage,False,CPS exact publication dates are unknown,2016-01,2023-03,2023-06,87,1914,22,22,True,2023-01;2023-02;2023-03,1782,True,40,880,22,66,True,True,True
test_2023-08,2023-08,2023-08-01,retrospective_current_vintage,False,CPS exact publication dates are unknown,2016-01,2023-04,2023-07,88,1936,22,22,True,2023-02;2023-03;2023-04,1804,True,41,902,22,66,True,True,True
test_2023-09,2023-09,2023-09-01,retrospective_current_vintage,False,CPS exact publication dates are unknown,2016-01,2023-05,2023-08,89,1958,22,22,True,2023-03;2023-04;2023-05,1826,True,42,924,22,66,True,True,True
test_2023-10,2023-10,2023-10-01,retrospective_current_vintage,False,CPS exact publication dates are unknown,2016-01,2023-06,2023-09,90,1980,22,22,True,2023-04;2023-05;2023-06,1848,True,43,946,22,66,True,True,True
test_2023-11,2023-11,2023-11-01,retrospective_current_vintage,False,CPS exact publication dates are unknown,2016-01,2023-07,2023-10,91,2002,22,22,True,2023-05;2023-06;2023-07,1870,True,44,968,22,66,True,True,True
test_2023-12,2023-12,2023-12-01,retrospective_current_vintage,False,CPS exact publication dates are unknown,2016-01,2023-08,2023-11,92,2024,22,22,True,2023-06;2023-07;2023-08,1892,True,45,990,22,66,True,True,True
test_2024-01,2024-01,2024-01-01,retrospective_current_vintage,False,CPS exact publication dates are unknown,2016-01,2023-09,2023-12,93,2046,22,22,True,2023-07;2023-08;2023-09,1914,True,46,1012,22,66,True,True,True
test_2024-02,2024-02,2024-02-01,retrospective_current_vintage,False,CPS exact publication dates are unknown,2016-01,2023-10,2024-01,94,2068,22,22,True,2023-08;2023-09;2023-10,1936,True,47,1034,22,66,True,True,True
test_2024-03,2024-03,2024-03-01,retrospective_current_vintage,False,CPS exact publication dates are unknown,2016-01,2023-11,2024-02,95,2090,22,22,True,2023-09;2023-10;2023-11,1958,True,48,1056,22,88,True,True,True
test_2024-04,2024-04,2024-04-01,retrospective_current_vintage,False,CPS exact publication dates are unknown,2016-01,2023-12,2024-03,96,2112,22,22,True,2023-10;2023-11;2023-12,1980,True,49,1078,22,88,True,True,True
test_2024-05,2024-05,2024-05-01,retrospective_current_vintage,False,CPS exact publication dates are unknown,2016-01,2024-01,2024-04,97,2134,22,22,True,2023-11;2023-12;2024-01,2002,True,50,1100,22,88,True,True,True
test_2024-06,2024-06,2024-06-01,retrospective_current_vintage,False,CPS exact publication dates are unknown,2016-01,2024-02,2024-05,98,2156,22,22,True,2023-12;2024-01;2024-02,2024,True,51,1122,22,88,True,True,True
test_2024-07,2024-07,2024-07-01,retrospective_current_vintage,False,CPS exact publication dates are unknown,2016-01,2024-03,2024-06,99,2178,22,22,True,2024-01;2024-02;2024-03,2046,True,52,1144,22,88,True,True,True
test_2024-08,2024-08,2024-08-01,retrospective_current_vintage,False,CPS exact publication dates are unknown,2016-01,2024-04,2024-07,100,2200,22,22,True,2024-02;2024-03;2024-04,2068,True,53,1166,22,88,True,True,True
test_2024-09,2024-09,2024-09-01,retrospective_current_vintage,False,CPS exact publication dates are unknown,2016-01,2024-05,2024-08,101,2222,22,22,True,2024-03;2024-04;2024-05,2090,True,54,1188,22,88,True,True,True
test_2024-10,2024-10,2024-10-01,retrospective_current_vintage,False,CPS exact publication dates are unknown,2016-01,2024-06,2024-09,102,2244,22,22,True,2024-04;2024-05;2024-06,2112,True,55,1210,22,88,True,True,True
test_2024-11,2024-11,2024-11-01,retrospective_current_vintage,False,CPS exact publication dates are unknown,2016-01,2024-07,2024-10,103,2266,22,22,True,2024-05;2024-06;2024-07,2134,True,56,1232,22,88,True,True,True
test_2024-12,2024-12,2024-12-01,retrospective_current_vintage,False,CPS exact publication dates are unknown,2016-01,2024-08,2024-11,104,2288,22,22,True,2024-06;2024-07;2024-08,2156,True,57,1254,22,88,True,True,True
test_2025-01,2025-01,2025-01-01,retrospective_current_vintage,False,CPS exact publication dates are unknown,2016-01,2024-09,2024-12,105,2310,22,22,True,2024-07;2024-08;2024-09,2178,True,58,1276,22,88,True,True,True
test_2025-02,2025-02,2025-02-01,retrospective_current_vintage,False,CPS exact publication dates are unknown,2016-01,2024-10,2025-01,106,2332,22,22,True,2024-08;2024-09;2024-10,2200,True,59,1298,22,88,True,True,True
test_2025-03,2025-03,2025-03-01,retrospective_current_vintage,False,CPS exact publication dates are unknown,2016-01,2024-11,2025-02,107,2354,22,22,True,2024-09;2024-10;2024-11,2222,True,60,1320,22,110,True,True,True
test_2025-04,2025-04,2025-04-01,retrospective_current_vintage,False,CPS exact publication dates are unknown,2016-01,2024-12,2025-03,108,2376,22,22,True,2024-10;2024-11;2024-12,2244,True,61,1342,22,110,True,True,True
test_2025-05,2025-05,2025-05-01,retrospective_current_vintage,False,CPS exact publication dates are unknown,2016-01,2025-01,2025-04,109,2398,22,22,True,2024-11;2024-12;2025-01,2266,True,62,1364,22,110,True,True,True
test_2025-06,2025-06,2025-06-01,retrospective_current_vintage,False,CPS exact publication dates are unknown,2016-01,2025-02,2025-05,110,2420,22,22,True,2024-12;2025-01;2025-02,2288,True,63,1386,22,110,True,True,True
test_2025-11,2025-11,2025-11-01,retrospective_current_vintage,False,CPS exact publication dates are unknown,2016-01,2025-06,2025-09,114,2508,22,22,True,2025-04;2025-05;2025-06,2376,True,67,1474,22,110,True,True,True
test_2025-12,2025-12,2025-12-01,retrospective_current_vintage,False,CPS exact publication dates are unknown,2016-01,2025-06,2025-09,114,2508,22,22,True,2025-04;2025-05;2025-06,2376,True,67,1474,22,110,True,True,True
test_2026-01,2026-01,2026-01-01,retrospective_current_vintage,False,CPS exact publication dates are unknown,2016-01,2025-06,2025-09,114,2508,22,22,True,2025-04;2025-05;2025-06,2376,True,67,1474,22,110,True,True,True
test_2026-02,2026-02,2026-02-01,retrospective_current_vintage,False,CPS exact publication dates are unknown,2016-01,2025-06,2025-09,114,2508,22,22,True,2025-04;2025-05;2025-06,2376,True,67,1474,22,110,True,True,True
test_2026-03,2026-03,2026-03-01,retrospective_current_vintage,False,CPS exact publication dates are unknown,2016-01,2025-11,2026-02,115,2530,22,22,True,2025-05;2025-06;2025-11,2398,True,68,1496,22,110,True,True,True
test_2026-04,2026-04,2026-04-01,retrospective_current_vintage,False,CPS exact publication dates are unknown,2016-01,2025-12,2026-03,116,2552,22,22,True,2025-06;2025-11;2025-12,2420,True,69,1518,22,110,True,True,True
test_2026-05,2026-05,2026-05-01,retrospective_current_vintage,False,CPS exact publication dates are unknown,2016-01,2026-01,2026-04,117,2574,22,22,True,2025-11;2025-12;2026-01,2508,True,70,1540,22,132,True,True,True
