occupation_group,civilian_employment_weight_2022,matched_e_weight,employment_weighted_coverage,matched_census_occ_codes,mapped_census_occ_codes,E_human_beta,E_gpt4_beta,E_human_alpha,E_human_gamma,E_gpt4_alpha,E_gpt4_gamma
11-0000,18873793.0,8787958.0,0.4656169536245311,18,29,0.4270905027784408,0.45362953600288086,0.17357536388388015,0.6806056416730014,0.04376150378456063,0.8634975682212014
13-0000,9842347.0,6371413.0,0.6473469183722135,20,29,0.49654721344565556,0.5100862187391755,0.19146165007379318,0.801632776817518,0.09405937064776457,0.9261130668305866
15-0000,6159784.0,3236314.0,0.5253940722596766,9,16,0.5025873529639021,0.8328872945479482,0.12908162993751104,0.8760930759902934,0.7101232182908914,0.9556513708050053
17-0000,3680254.0,970618.0,0.26373668773948755,13,21,0.42723356977217597,0.5128656977957008,0.14105716298788504,0.7134099765564668,0.15342018862371368,0.8723112069676877
19-0000,1887600.0,622618.0,0.32984636575545667,7,22,0.4608877665788757,0.44374035781463417,0.19727786492224506,0.7244976682355062,0.030482788268579728,0.8569979273606887
21-0000,2882947.0,1860373.0,0.6453025324433643,12,16,0.3171301424430577,0.31440532267060367,0.2156009130170567,0.41865937186905855,0.1231832960697931,0.5056273492714143
23-0000,1963466.0,1911013.0,0.973285506344393,4,5,0.4724465391281052,0.4592284944075478,0.12788421638157355,0.8170088618746371,0.06364187668769457,0.8548151121274012
25-0000,10049888.0,448693.0,0.044646567205525074,3,12,0.443135181785495,0.5413610603731307,0.22137581444587395,0.6648945491251161,0.1830729735297235,0.8996491472165381
27-0000,3497299.0,1997371.0,0.5711181686209844,21,30,0.3865692323162696,0.4815673262623083,0.20471815586966047,0.5684203087628786,0.19141614228292492,0.7717185102416918
29-0000,10399448.0,4350756.0,0.4183641285575927,29,42,0.297945737943062,0.3243019443941157,0.11965348264802853,0.4762379932380956,0.10926020385823472,0.5393436849299966
31-0000,5261742.0,4804290.0,0.9130607315980145,10,14,0.1864360078458196,0.1940910703399325,0.09410946353190858,0.27876255215973067,0.12625803428827345,0.26192410639159147
33-0000,3370069.0,1233916.0,0.3661396843803495,13,18,0.22818267697765568,0.2487846680965713,0.1169182512542835,0.3394471027010279,0.14864074845330252,0.34892858773984015
35-0000,8314588.0,5283365.0,0.6354331687871967,9,12,0.1712661416346554,0.17871915086320508,0.10885388448486152,0.23367839878444924,0.07746010120518462,0.27997820052122563
37-0000,5300194.0,2961575.0,0.5587672828579482,6,8,0.0774159391331973,0.06061617730851237,0.03776245491140166,0.11706942335499293,0.028344536133791773,0.09288781848323295
39-0000,4009536.0,2342952.0,0.5843449217066513,11,20,0.12711431055632774,0.13239580568149548,0.0628748742893375,0.19135374682331804,0.07744054251150309,0.18735106885148792
41-0000,15096018.0,9308039.0,0.616589023674985,13,18,0.42508421856890016,0.46363405477719033,0.23861387423195995,0.6115545629058405,0.11807997252268088,0.8091881370316998
43-0000,17134876.0,16267805.0,0.9493972994026919,45,50,0.5168952087148231,0.591233953815376,0.3123293056902256,0.7214611117394202,0.3186553352549985,0.8638125723757536
45-0000,922556.0,159041.0,0.1723917030510885,5,7,0.09189156453863764,0.14630366195983666,0.010220634930615376,0.17356249414665995,0.08083417086424916,0.21177315305542413
47-0000,7975562.0,4845540.0,0.607548408500868,18,33,0.06617712118304603,0.09551806390745386,0.021471108260950094,0.11088313410514201,0.034186037747701986,0.15685009006720577
49-0000,4894590.0,3710221.0,0.7580248805313622,22,31,0.09087789799265951,0.1227961426972884,0.03236911798864637,0.1493866779966726,0.05112345949095478,0.19446882590362197
51-0000,8721612.0,3778845.0,0.43327368839613595,34,60,0.1375451667685006,0.25937761655805663,0.01862143441416845,0.2564688991228327,0.1431592610319495,0.37559597208416384
53-0000,12502304.0,4923853.0,0.39383564821332134,17,32,0.14090293838406684,0.1623978463420054,0.054986734493103755,0.22681914227502994,0.11808308206970083,0.20671261061430996
